-- phpMyAdmin SQL Dump
-- version 4.9.7
-- https://www.phpmyadmin.net/
--
-- Host: localhost:3306
-- Generation Time: Jan 14, 2023 at 11:00 PM
-- Server version: 5.7.27-30
-- PHP Version: 7.4.33

SET SQL_MODE = "NO_AUTO_VALUE_ON_ZERO";
SET AUTOCOMMIT = 0;
START TRANSACTION;
SET time_zone = "+00:00";


/*!40101 SET @OLD_CHARACTER_SET_CLIENT=@@CHARACTER_SET_CLIENT */;
/*!40101 SET @OLD_CHARACTER_SET_RESULTS=@@CHARACTER_SET_RESULTS */;
/*!40101 SET @OLD_COLLATION_CONNECTION=@@COLLATION_CONNECTION */;
/*!40101 SET NAMES utf8mb4 */;

--
-- Database: `u0847174_fagopay`
--

-- --------------------------------------------------------

--
-- Table structure for table `airtime_conversions`
--

CREATE TABLE `airtime_conversions` (
  `id` bigint(20) UNSIGNED NOT NULL,
  `sender` varchar(20) COLLATE utf8mb4_unicode_ci DEFAULT NULL,
  `network` varchar(6) COLLATE utf8mb4_unicode_ci DEFAULT NULL,
  `beneficiary` varchar(255) COLLATE utf8mb4_unicode_ci NOT NULL,
  `user_id` varchar(40) COLLATE utf8mb4_unicode_ci NOT NULL,
  `amount` float DEFAULT NULL,
  `charge` float DEFAULT NULL,
  `receive` varchar(20) COLLATE utf8mb4_unicode_ci DEFAULT NULL COMMENT 'What you get',
  `status` varchar(10) COLLATE utf8mb4_unicode_ci NOT NULL DEFAULT 'active' COMMENT '1=>enable, 2=>disable',
  `type` varchar(10) COLLATE utf8mb4_unicode_ci DEFAULT NULL,
  `trx` varchar(10) COLLATE utf8mb4_unicode_ci DEFAULT NULL,
  `deleted_at` datetime DEFAULT NULL,
  `created_at` timestamp NULL DEFAULT NULL,
  `updated_at` timestamp NULL DEFAULT NULL
) ENGINE=InnoDB DEFAULT CHARSET=utf8mb4 COLLATE=utf8mb4_unicode_ci;

--
-- Dumping data for table `airtime_conversions`
--

INSERT INTO `airtime_conversions` (`id`, `sender`, `network`, `beneficiary`, `user_id`, `amount`, `charge`, `receive`, `status`, `type`, `trx`, `deleted_at`, `created_at`, `updated_at`) VALUES
(12, '90897867546', 'mtn', '08043444832', '1', 100, 22, '78', 'canceled', 'manual', '42C52U', NULL, '2022-10-09 01:46:21', '2022-10-27 11:14:20'),
(13, '03532623623632', 'mtn', '08043444832', '1', 200, 44, '56', 'success', 'manual', 'O5BDJR', NULL, '2022-10-09 08:12:48', '2022-10-26 11:48:21'),
(14, '90897867546', 'mtn', '08043444832', '1', 100, 22, '78', 'canceled', 'manual', 'Z4BWBQ', NULL, '2022-10-09 09:11:53', '2022-10-27 11:14:24'),
(15, '32478634523', 'mtn', '08034343456', '1', 50, 11, '39', 'incomplete', 'manual', '456RO6', NULL, '2022-10-09 09:12:36', '2022-10-09 09:12:36'),
(16, '234546541234542', 'mtn', '08034343456', '1', 100, 22, '78', 'success', 'manual', 'C9WJ44', NULL, '2022-10-09 09:16:26', '2022-10-26 11:47:25'),
(17, '03532623623632', 'mtn', '08043444832', '1', 100, 22, '78', 'incomplete', 'automatic', 'VT8NQM', NULL, '2022-10-09 11:38:13', '2022-10-09 11:38:13'),
(18, '08023444232', 'mtn', '08023444543', '1', 100, 22, '78', 'incomplete', 'manual', 'MO7AWV', NULL, '2022-12-02 14:31:57', '2022-12-02 14:31:57'),
(19, '08031975397', 'mtn', '09087878763', '1', 200, 44, '156', 'success', 'manual', 'JNQ9Z4', NULL, '2022-12-02 14:36:18', '2022-12-02 15:04:29'),
(20, '08031975397', 'mtn', '09087878763', '1', 20000, 4400, '15600', 'incomplete', 'manual', 'COJP93', NULL, '2022-12-02 14:40:34', '2022-12-02 14:40:34'),
(21, '08062226233', 'mtn', '08023444543', '1', 5000, 1100, '3900', 'success', 'manual', 'AQ71B2', NULL, '2022-12-02 15:08:56', '2022-12-18 04:42:27'),
(22, '08031975397', 'mtn', '08023444543', '8', 2000, 0, '2000', 'incomplete', 'manual', '974581284', NULL, '2022-12-07 12:12:54', '2022-12-07 12:12:54'),
(23, '08031975397', 'mtn', '08023444543', '8', 2000, 0, '2000', 'incomplete', 'manual', '632034417', NULL, '2022-12-07 12:16:45', '2022-12-07 12:16:45'),
(24, '08031975397', 'mtn', '09087878763', '8', 2000, 0, '2000', 'incomplete', 'manual', '571714131', NULL, '2022-12-07 12:17:29', '2022-12-07 12:17:29'),
(25, '08031975397', 'mtn', '09087878763', '8', 2000, 0, '2000', 'success', 'manual', '160553249', NULL, '2022-12-07 12:18:54', '2022-12-18 04:46:01'),
(26, '08011111111', 'mtn', '09087878763', '3', 550, 121, '429', 'incomplete', 'manual', '514361979', NULL, '2022-12-18 09:31:01', '2022-12-18 09:31:01'),
(27, '08011111111', 'mtn', '08023444543', '3', 550, 121, '429', 'incomplete', 'manual', '795425854', NULL, '2022-12-18 10:10:47', '2022-12-18 10:10:47'),
(28, '08011111111', 'mtn', '08023444543', '3', 550, 121, '429', 'incomplete', 'manual', '1101954762', NULL, '2022-12-18 10:10:54', '2022-12-18 10:10:54'),
(29, '0801111111187', 'mtn', '09087878763', '3', 550, 121, '429', 'incomplete', 'manual', '996615366', NULL, '2022-12-18 10:11:00', '2022-12-18 10:11:00'),
(30, '08011111111', 'mtn', '08023444543', '3', 550, 121, '429', 'incomplete', 'manual', '620096115', NULL, '2022-12-18 10:11:51', '2022-12-18 10:11:51'),
(31, '08011111111', 'mtn', '09087878763', '3', 550, 121, '429', 'incomplete', 'manual', '1024989432', NULL, '2022-12-18 10:45:46', '2022-12-18 10:45:46'),
(32, '08011111111', 'mtn', '09087878763', '3', 550, 121, '429', 'incomplete', 'manual', '364893172', NULL, '2022-12-18 10:45:53', '2022-12-18 10:45:53'),
(33, '08011111111', 'mtn', '09087878763', '3', 550, 121, '429', 'incomplete', 'manual', '179398027', NULL, '2022-12-18 10:46:08', '2022-12-18 10:46:08'),
(34, '08011111111', 'mtn', '09087878763', '3', 550, 121, '429', 'incomplete', 'manual', '742426456', NULL, '2022-12-18 10:50:56', '2022-12-18 10:50:56'),
(35, '08011111111', 'mtn', '09087878763', '3', 550, 121, '429', 'incomplete', 'manual', '754520666', NULL, '2022-12-18 11:05:52', '2022-12-18 11:05:52'),
(36, '08011111111', 'mtn', '09087878763', '3', 550, 121, '429', 'incomplete', 'manual', '147469215', NULL, '2022-12-18 11:05:54', '2022-12-18 11:05:54'),
(37, '08011111111', 'mtn', '08023444543', '3', 550, 121, '429', 'incomplete', 'manual', '599367789', NULL, '2022-12-18 11:05:55', '2022-12-18 11:05:55'),
(38, '08011111111', 'mtn', '08023444543', '3', 550, 121, '429', 'incomplete', 'manual', '851889630', NULL, '2022-12-18 11:05:55', '2022-12-18 11:05:55'),
(39, '08011111111', 'mtn', '08023444543', '3', 550, 121, '429', 'incomplete', 'manual', '670286612', NULL, '2022-12-18 11:05:57', '2022-12-18 11:05:57'),
(40, '08011111111', 'mtn', '09087878763', '3', 550, 121, '429', 'incomplete', 'manual', '425010632', NULL, '2022-12-18 11:05:58', '2022-12-18 11:05:58'),
(41, '08011111111', 'mtn', '08023444543', '3', 550, 121, '429', 'incomplete', 'manual', '657320307', NULL, '2022-12-18 11:05:58', '2022-12-18 11:05:58'),
(42, '08011111111', 'mtn', '09087878763', '3', 550, 121, '429', 'incomplete', 'manual', '145092555', NULL, '2022-12-18 11:05:58', '2022-12-18 11:05:58'),
(43, '08011111111', 'mtn', '09087878763', '3', 550, 121, '429', 'incomplete', 'manual', '379033316', NULL, '2022-12-18 11:05:58', '2022-12-18 11:05:58'),
(44, '08011111111', 'mtn', '08023444543', '3', 550, 121, '429', 'incomplete', 'manual', '513760403', NULL, '2022-12-18 11:05:58', '2022-12-18 11:05:58'),
(45, '08011111111', 'mtn', '09087878763', '3', 550, 121, '429', 'incomplete', 'manual', '398644894', NULL, '2022-12-18 11:05:58', '2022-12-18 11:05:58'),
(46, '08011111111', 'mtn', '09087878763', '3', 550, 121, '429', 'incomplete', 'manual', '868593622', NULL, '2022-12-18 11:05:58', '2022-12-18 11:05:58'),
(47, '08011111111', 'mtn', '08023444543', '3', 550, 121, '429', 'incomplete', 'manual', '533847872', NULL, '2022-12-18 11:05:58', '2022-12-18 11:05:58'),
(48, '08011111111', 'mtn', '09087878763', '3', 550, 121, '429', 'incomplete', 'manual', '392905395', NULL, '2022-12-18 11:05:58', '2022-12-18 11:05:58'),
(49, '08011111111', 'mtn', '08023444543', '3', 550, 121, '429', 'incomplete', 'manual', '229007226', NULL, '2022-12-18 11:06:03', '2022-12-18 11:06:03'),
(50, '08011111111', 'mtn', '09087878763', '3', 550, 121, '429', 'incomplete', 'manual', '637077354', NULL, '2022-12-18 11:06:49', '2022-12-18 11:06:49'),
(51, '08011111111', 'mtn', '08023444543', '3', 550, 121, '429', 'incomplete', 'manual', '148744867', NULL, '2022-12-18 11:07:33', '2022-12-18 11:07:33'),
(52, '08011111111', 'mtn', '09087878763', '3', 550, 121, '429', 'incomplete', 'manual', '268609116', NULL, '2022-12-18 11:07:39', '2022-12-18 11:07:39'),
(53, '08011111111', 'mtn', '09087878763', '3', 550, 121, '429', 'incomplete', 'manual', '518078836', NULL, '2022-12-18 11:08:33', '2022-12-18 11:08:33'),
(54, '08011111111', 'mtn', '09087878763', '3', 550, 121, '429', 'incomplete', 'manual', '198280860', NULL, '2022-12-18 11:17:28', '2022-12-18 11:17:28'),
(55, '08011111111', 'mtn', '09087878763', '3', 550, 121, '429', 'incomplete', 'manual', '957076630', NULL, '2022-12-18 11:30:37', '2022-12-18 11:30:37'),
(56, '08011111111', 'mtn', '08023444543', '3', 550, 121, '429', 'incomplete', 'manual', '463126315', NULL, '2022-12-18 11:31:56', '2022-12-18 11:31:56'),
(57, '08011111111', 'mtn', '08023444543', '3', 550, 121, '429', 'incomplete', 'manual', '58282879', NULL, '2022-12-18 11:34:46', '2022-12-18 11:34:46'),
(58, '08011111111', 'mtn', '09087878763', '3', 550, 121, '429', 'incomplete', 'manual', '984675454', NULL, '2022-12-18 11:36:16', '2022-12-18 11:36:16'),
(59, '08011111111', 'mtn', '09087878763', '3', 550, 121, '429', 'incomplete', 'manual', '343619891', NULL, '2022-12-18 11:36:52', '2022-12-18 11:36:52'),
(60, '08011111111', 'mtn', '08023444543', '3', 550, 121, '429', 'incomplete', 'manual', '371253046', NULL, '2022-12-18 11:42:37', '2022-12-18 11:42:37'),
(61, '08011111111', 'mtn', '08023444543', '3', 550, 121, '429', 'pending', 'manual', '376855195', NULL, '2022-12-18 11:44:49', '2022-12-18 11:45:00'),
(62, '08011111111', 'mtn', '09087878763', '3', 550, 121, '429', 'incomplete', 'manual', '255033850', NULL, '2022-12-18 11:56:10', '2022-12-18 11:56:10'),
(63, '08011111111', 'mtn', '09087878763', '3', 550, 121, '429', 'incomplete', 'manual', '297875988', NULL, '2022-12-18 11:57:53', '2022-12-18 11:57:53'),
(64, '08011111111', 'airtel', '08023432323', '3', 550, 110, '440', 'incomplete', 'manual', '648520509', NULL, '2022-12-18 12:35:17', '2022-12-18 12:35:17'),
(65, '08011111111', 'airtel', '08023432323', '3', 550, 110, '440', 'incomplete', 'manual', '703483513', NULL, '2022-12-18 22:25:23', '2022-12-18 22:25:23');

-- --------------------------------------------------------

--
-- Table structure for table `airtime_conv_numbers`
--

CREATE TABLE `airtime_conv_numbers` (
  `id` bigint(20) UNSIGNED NOT NULL,
  `phone` varchar(20) COLLATE utf8mb4_unicode_ci DEFAULT NULL,
  `network` varchar(255) COLLATE utf8mb4_unicode_ci NOT NULL,
  `status` varchar(10) COLLATE utf8mb4_unicode_ci NOT NULL DEFAULT 'active' COMMENT '1=>enable, 2=>disable',
  `deleted_at` datetime DEFAULT NULL,
  `created_at` timestamp NULL DEFAULT NULL,
  `updated_at` timestamp NULL DEFAULT NULL
) ENGINE=InnoDB DEFAULT CHARSET=utf8mb4 COLLATE=utf8mb4_unicode_ci;

--
-- Dumping data for table `airtime_conv_numbers`
--

INSERT INTO `airtime_conv_numbers` (`id`, `phone`, `network`, `status`, `deleted_at`, `created_at`, `updated_at`) VALUES
(6, '08023444543', 'mtn', 'active', NULL, '2022-10-31 20:22:07', '2022-10-31 20:22:07'),
(7, '09087878763', 'mtn', 'active', NULL, '2022-10-31 20:22:07', '2022-10-31 20:22:07'),
(8, '08023432323', 'airtel', 'active', NULL, '2022-12-18 05:09:51', '2022-12-18 05:09:51');

-- --------------------------------------------------------

--
-- Table structure for table `banks`
--

CREATE TABLE `banks` (
  `id` bigint(20) UNSIGNED NOT NULL,
  `name` varchar(191) COLLATE utf8mb4_unicode_ci DEFAULT NULL,
  `code` varchar(191) COLLATE utf8mb4_unicode_ci DEFAULT NULL,
  `currency_id` bigint(20) UNSIGNED DEFAULT NULL,
  `created_at` timestamp NULL DEFAULT NULL,
  `updated_at` timestamp NULL DEFAULT NULL
) ENGINE=InnoDB DEFAULT CHARSET=utf8mb4 COLLATE=utf8mb4_unicode_ci;

--
-- Dumping data for table `banks`
--

INSERT INTO `banks` (`id`, `name`, `code`, `currency_id`, `created_at`, `updated_at`) VALUES
(5, 'ASO Savings and Loans', '401', 5, '2022-03-09 17:01:54', '2022-03-09 17:01:54'),
(8, 'Abbey Mortgage Bank', '801', 5, '2022-03-09 17:00:08', '2022-03-09 17:00:08'),
(9, 'Above Only MFB', '51204', 5, '2022-03-09 17:00:08', '2022-03-09 17:00:08'),
(10, 'Access Bank', '044', 5, '2022-03-09 17:00:08', '2022-03-09 17:00:08'),
(11, 'Access Bank (Diamond)', '063', 5, '2022-03-09 17:00:08', '2022-03-09 17:00:08'),
(12, 'ALAT by WEMA', '035A', 5, '2022-03-09 17:00:08', '2022-03-09 17:00:08'),
(13, 'Amju Unique MFB', '50926', 5, '2022-03-09 17:00:08', '2022-03-09 17:00:08'),
(14, 'ASO Savings and Loans', '401', 5, '2022-03-09 17:00:08', '2022-03-09 17:00:08'),
(15, 'Bainescredit MFB', '51229', 5, '2022-03-09 17:00:08', '2022-03-09 17:00:08'),
(16, 'Bowen Microfinance Bank', '50931', 5, '2022-03-09 17:00:08', '2022-03-09 17:00:08'),
(17, 'Carbon', '565', 5, '2022-03-09 17:00:08', '2022-03-09 17:00:08'),
(18, 'CEMCS Microfinance Bank', '50823', 5, '2022-03-09 17:00:08', '2022-03-09 17:00:08'),
(19, 'Chanelle Microfinance Bank Limited', '50171', 5, '2022-03-09 17:00:08', '2022-03-09 17:00:08'),
(20, 'Citibank Nigeria', '023', 5, '2022-03-09 17:00:08', '2022-03-09 17:00:08'),
(21, 'Corestep MFB', '50204', 5, '2022-03-09 17:00:08', '2022-03-09 17:00:08'),
(22, 'Coronation Merchant Bank', '559', 5, '2022-03-09 17:00:08', '2022-03-09 17:00:08'),
(23, 'Ecobank Nigeria', '050', 5, '2022-03-09 17:00:08', '2022-03-09 17:00:08'),
(24, 'Ekondo Microfinance Bank', '562', 5, '2022-03-09 17:00:08', '2022-03-09 17:00:08'),
(25, 'Eyowo', '50126', 5, '2022-03-09 17:00:08', '2022-03-09 17:00:08'),
(26, 'Fidelity Bank', '070', 5, '2022-03-09 17:00:08', '2022-03-09 17:00:08'),
(27, 'Firmus MFB', '51314', 5, '2022-03-09 17:00:08', '2022-03-09 17:00:08'),
(28, 'First Bank of Nigeria', '011', 5, '2022-03-09 17:00:08', '2022-03-09 17:00:08'),
(29, 'First City Monument Bank', '214', 5, '2022-03-09 17:00:08', '2022-03-09 17:00:08'),
(30, 'FSDH Merchant Bank Limited', '501', 5, '2022-03-09 17:00:08', '2022-03-09 17:00:08'),
(31, 'Gateway Mortgage Bank LTD', '812', 5, '2022-03-09 17:00:08', '2022-03-09 17:00:08'),
(32, 'Globus Bank', '00103', 5, '2022-03-09 17:00:08', '2022-03-09 17:00:08'),
(33, 'GoMoney', '100022', 5, '2022-03-09 17:00:08', '2022-03-09 17:00:08'),
(34, 'Guaranty Trust Bank', '058', 5, '2022-03-09 17:00:08', '2022-03-09 17:00:08'),
(35, 'Hackman Microfinance Bank', '51251', 5, '2022-03-09 17:00:08', '2022-03-09 17:00:08'),
(36, 'Hasal Microfinance Bank', '50383', 5, '2022-03-09 17:00:08', '2022-03-09 17:00:08'),
(37, 'Heritage Bank', '030', 5, '2022-03-09 17:00:08', '2022-03-09 17:00:08'),
(38, 'Ibile Microfinance Bank', '51244', 5, '2022-03-09 17:00:08', '2022-03-09 17:00:08'),
(39, 'Infinity MFB', '50457', 5, '2022-03-09 17:00:08', '2022-03-09 17:00:08'),
(40, 'Jaiz Bank', '301', 5, '2022-03-09 17:00:08', '2022-03-09 17:00:08'),
(41, 'Kadpoly MFB', '50502', 5, '2022-03-09 17:00:08', '2022-03-09 17:00:08'),
(42, 'Keystone Bank', '082', 5, '2022-03-09 17:00:08', '2022-03-09 17:00:08'),
(43, 'Kredi Money MFB LTD', '50200', 5, '2022-03-09 17:00:08', '2022-03-09 17:00:08'),
(44, 'Kuda Bank', '50211', 5, '2022-03-09 17:00:08', '2022-03-09 17:00:08'),
(45, 'Lagos Building Investment Company Plc.', '90052', 5, '2022-03-09 17:00:08', '2022-03-09 17:00:08'),
(46, 'Links MFB', '50549', 5, '2022-03-09 17:00:08', '2022-03-09 17:00:08'),
(47, 'Lotus Bank', '303', 5, '2022-03-09 17:00:08', '2022-03-09 17:00:08'),
(48, 'Mayfair MFB', '50563', 5, '2022-03-09 17:00:08', '2022-03-09 17:00:08'),
(49, 'Mint MFB', '50304', 5, '2022-03-09 17:00:08', '2022-03-09 17:00:08'),
(50, 'Paga', '100002', 5, '2022-03-09 17:00:09', '2022-03-09 17:00:09'),
(51, 'PalmPay', '999991', 5, '2022-03-09 17:00:09', '2022-03-09 17:00:09'),
(52, 'Parallex Bank', '104', 5, '2022-03-09 17:00:09', '2022-03-09 17:00:09'),
(53, 'Parkway - ReadyCash', '311', 5, '2022-03-09 17:00:09', '2022-03-09 17:00:09'),
(54, 'Paycom', '999992', 5, '2022-03-09 17:00:09', '2022-03-09 17:00:09'),
(55, 'Petra Mircofinance Bank Plc', '50746', 5, '2022-03-09 17:00:09', '2022-03-09 17:00:09'),
(56, 'Polaris Bank', '076', 5, '2022-03-09 17:00:09', '2022-03-09 17:00:09'),
(57, 'Providus Bank', '101', 5, '2022-03-09 17:00:09', '2022-03-09 17:00:09'),
(58, 'QuickFund MFB', '51293', 5, '2022-03-09 17:00:09', '2022-03-09 17:00:09'),
(59, 'Rand Merchant Bank', '502', 5, '2022-03-09 17:00:09', '2022-03-09 17:00:09'),
(60, 'Rubies MFB', '125', 5, '2022-03-09 17:00:09', '2022-03-09 17:00:09'),
(61, 'Safe Haven MFB', '51113', 5, '2022-03-09 17:00:09', '2022-03-09 17:00:09'),
(62, 'Sparkle Microfinance Bank', '51310', 5, '2022-03-09 17:00:09', '2022-03-09 17:00:09'),
(63, 'Stanbic IBTC Bank', '221', 5, '2022-03-09 17:00:09', '2022-03-09 17:00:09'),
(64, 'Standard Chartered Bank', '068', 5, '2022-03-09 17:00:09', '2022-03-09 17:00:09'),
(65, 'Stellas MFB', '51253', 5, '2022-03-09 17:00:09', '2022-03-09 17:00:09'),
(66, 'Sterling Bank', '232', 5, '2022-03-09 17:00:09', '2022-03-09 17:00:09'),
(67, 'Suntrust Bank', '100', 5, '2022-03-09 17:00:09', '2022-03-09 17:00:09'),
(68, 'TAJ Bank', '302', 5, '2022-03-09 17:00:09', '2022-03-09 17:00:09'),
(69, 'Tangerine Money', '51269', 5, '2022-03-09 17:00:09', '2022-03-09 17:00:09'),
(70, 'TCF MFB', '51211', 5, '2022-03-09 17:00:09', '2022-03-09 17:00:09'),
(71, 'Titan Bank', '102', 5, '2022-03-09 17:00:09', '2022-03-09 17:00:09'),
(72, 'Unical MFB', '50871', 5, '2022-03-09 17:00:09', '2022-03-09 17:00:09'),
(73, 'Union Bank of Nigeria', '032', 5, '2022-03-09 17:00:09', '2022-03-09 17:00:09'),
(74, 'United Bank For Africa', '033', 5, '2022-03-09 17:00:09', '2022-03-09 17:00:09'),
(75, 'Unity Bank', '215', 5, '2022-03-09 17:00:09', '2022-03-09 17:00:09'),
(76, 'VFD Microfinance Bank Limited', '566', 5, '2022-03-09 17:00:09', '2022-03-09 17:00:09'),
(77, 'Wema Bank', '035', 5, '2022-03-09 17:00:09', '2022-03-09 17:00:09'),
(78, 'Zenith Bank', '057', 5, '2022-03-09 17:00:09', '2022-03-09 17:00:09'),
(79, 'Abbey Mortgage Bank', '801', 5, '2022-03-09 17:01:10', '2022-03-09 17:01:10'),
(80, 'Above Only MFB', '51204', 5, '2022-03-09 17:01:10', '2022-03-09 17:01:10'),
(81, 'Access Bank', '044', 5, '2022-03-09 17:01:10', '2022-03-09 17:01:10'),
(82, 'Access Bank (Diamond)', '063', 5, '2022-03-09 17:01:10', '2022-03-09 17:01:10'),
(83, 'ALAT by WEMA', '035A', 5, '2022-03-09 17:01:10', '2022-03-09 17:01:10'),
(84, 'Amju Unique MFB', '50926', 5, '2022-03-09 17:01:10', '2022-03-09 17:01:10'),
(85, 'ASO Savings and Loans', '401', 5, '2022-03-09 17:01:10', '2022-03-09 17:01:10'),
(86, 'Bainescredit MFB', '51229', 5, '2022-03-09 17:01:10', '2022-03-09 17:01:10'),
(87, 'Bowen Microfinance Bank', '50931', 5, '2022-03-09 17:01:10', '2022-03-09 17:01:10'),
(88, 'Carbon', '565', 5, '2022-03-09 17:01:10', '2022-03-09 17:01:10'),
(89, 'CEMCS Microfinance Bank', '50823', 5, '2022-03-09 17:01:10', '2022-03-09 17:01:10'),
(90, 'Chanelle Microfinance Bank Limited', '50171', 5, '2022-03-09 17:01:10', '2022-03-09 17:01:10'),
(91, 'Citibank Nigeria', '023', 5, '2022-03-09 17:01:10', '2022-03-09 17:01:10'),
(92, 'Corestep MFB', '50204', 5, '2022-03-09 17:01:10', '2022-03-09 17:01:10'),
(93, 'Coronation Merchant Bank', '559', 5, '2022-03-09 17:01:10', '2022-03-09 17:01:10'),
(94, 'Ecobank Nigeria', '050', 5, '2022-03-09 17:01:10', '2022-03-09 17:01:10'),
(95, 'Ekondo Microfinance Bank', '562', 5, '2022-03-09 17:01:10', '2022-03-09 17:01:10'),
(96, 'Eyowo', '50126', 5, '2022-03-09 17:01:10', '2022-03-09 17:01:10'),
(97, 'Fidelity Bank', '070', 5, '2022-03-09 17:01:10', '2022-03-09 17:01:10'),
(98, 'Firmus MFB', '51314', 5, '2022-03-09 17:01:10', '2022-03-09 17:01:10'),
(99, 'First Bank of Nigeria', '011', 5, '2022-03-09 17:01:10', '2022-03-09 17:01:10'),
(100, 'First City Monument Bank', '214', 5, '2022-03-09 17:01:10', '2022-03-09 17:01:10'),
(101, 'FSDH Merchant Bank Limited', '501', 5, '2022-03-09 17:01:10', '2022-03-09 17:01:10'),
(102, 'Gateway Mortgage Bank LTD', '812', 5, '2022-03-09 17:01:10', '2022-03-09 17:01:10'),
(103, 'Globus Bank', '00103', 5, '2022-03-09 17:01:10', '2022-03-09 17:01:10'),
(104, 'GoMoney', '100022', 5, '2022-03-09 17:01:10', '2022-03-09 17:01:10'),
(105, 'Guaranty Trust Bank', '058', 5, '2022-03-09 17:01:10', '2022-03-09 17:01:10'),
(106, 'Hackman Microfinance Bank', '51251', 5, '2022-03-09 17:01:10', '2022-03-09 17:01:10'),
(107, 'Hasal Microfinance Bank', '50383', 5, '2022-03-09 17:01:10', '2022-03-09 17:01:10'),
(108, 'Heritage Bank', '030', 5, '2022-03-09 17:01:10', '2022-03-09 17:01:10'),
(109, 'Ibile Microfinance Bank', '51244', 5, '2022-03-09 17:01:10', '2022-03-09 17:01:10'),
(110, 'Infinity MFB', '50457', 5, '2022-03-09 17:01:10', '2022-03-09 17:01:10'),
(111, 'Jaiz Bank', '301', 5, '2022-03-09 17:01:10', '2022-03-09 17:01:10'),
(112, 'Kadpoly MFB', '50502', 5, '2022-03-09 17:01:10', '2022-03-09 17:01:10'),
(113, 'Keystone Bank', '082', 5, '2022-03-09 17:01:10', '2022-03-09 17:01:10'),
(114, 'Kredi Money MFB LTD', '50200', 5, '2022-03-09 17:01:10', '2022-03-09 17:01:10'),
(115, 'Kuda Bank', '50211', 5, '2022-03-09 17:01:10', '2022-03-09 17:01:10'),
(116, 'Lagos Building Investment Company Plc.', '90052', 5, '2022-03-09 17:01:10', '2022-03-09 17:01:10'),
(117, 'Links MFB', '50549', 5, '2022-03-09 17:01:10', '2022-03-09 17:01:10'),
(118, 'Lotus Bank', '303', 5, '2022-03-09 17:01:10', '2022-03-09 17:01:10'),
(119, 'Mayfair MFB', '50563', 5, '2022-03-09 17:01:10', '2022-03-09 17:01:10'),
(120, 'Mint MFB', '50304', 5, '2022-03-09 17:01:10', '2022-03-09 17:01:10'),
(121, 'Paga', '100002', 5, '2022-03-09 17:01:10', '2022-03-09 17:01:10'),
(122, 'PalmPay', '999991', 5, '2022-03-09 17:01:10', '2022-03-09 17:01:10'),
(123, 'Parallex Bank', '104', 5, '2022-03-09 17:01:10', '2022-03-09 17:01:10'),
(124, 'Parkway - ReadyCash', '311', 5, '2022-03-09 17:01:10', '2022-03-09 17:01:10'),
(125, 'Paycom', '999992', 5, '2022-03-09 17:01:10', '2022-03-09 17:01:10'),
(126, 'Petra Mircofinance Bank Plc', '50746', 5, '2022-03-09 17:01:10', '2022-03-09 17:01:10'),
(127, 'Polaris Bank', '076', 5, '2022-03-09 17:01:10', '2022-03-09 17:01:10'),
(128, 'Providus Bank', '101', 5, '2022-03-09 17:01:10', '2022-03-09 17:01:10'),
(129, 'QuickFund MFB', '51293', 5, '2022-03-09 17:01:10', '2022-03-09 17:01:10'),
(130, 'Rand Merchant Bank', '502', 5, '2022-03-09 17:01:10', '2022-03-09 17:01:10'),
(131, 'Rubies MFB', '125', 5, '2022-03-09 17:01:10', '2022-03-09 17:01:10'),
(132, 'Safe Haven MFB', '51113', 5, '2022-03-09 17:01:10', '2022-03-09 17:01:10'),
(133, 'Sparkle Microfinance Bank', '51310', 5, '2022-03-09 17:01:10', '2022-03-09 17:01:10'),
(134, 'Stanbic IBTC Bank', '221', 5, '2022-03-09 17:01:10', '2022-03-09 17:01:10'),
(135, 'Standard Chartered Bank', '068', 5, '2022-03-09 17:01:10', '2022-03-09 17:01:10'),
(136, 'Stellas MFB', '51253', 5, '2022-03-09 17:01:10', '2022-03-09 17:01:10'),
(137, 'Sterling Bank', '232', 5, '2022-03-09 17:01:10', '2022-03-09 17:01:10'),
(138, 'Suntrust Bank', '100', 5, '2022-03-09 17:01:10', '2022-03-09 17:01:10'),
(139, 'TAJ Bank', '302', 5, '2022-03-09 17:01:10', '2022-03-09 17:01:10'),
(140, 'Tangerine Money', '51269', 5, '2022-03-09 17:01:10', '2022-03-09 17:01:10'),
(141, 'TCF MFB', '51211', 5, '2022-03-09 17:01:10', '2022-03-09 17:01:10'),
(142, 'Titan Bank', '102', 5, '2022-03-09 17:01:10', '2022-03-09 17:01:10'),
(143, 'Unical MFB', '50871', 5, '2022-03-09 17:01:10', '2022-03-09 17:01:10'),
(144, 'Union Bank of Nigeria', '032', 5, '2022-03-09 17:01:10', '2022-03-09 17:01:10'),
(145, 'United Bank For Africa', '033', 5, '2022-03-09 17:01:10', '2022-03-09 17:01:10'),
(146, 'Unity Bank', '215', 5, '2022-03-09 17:01:10', '2022-03-09 17:01:10'),
(147, 'VFD Microfinance Bank Limited', '566', 5, '2022-03-09 17:01:10', '2022-03-09 17:01:10'),
(148, 'Wema Bank', '035', 5, '2022-03-09 17:01:10', '2022-03-09 17:01:10'),
(149, 'Zenith Bank', '057', 5, '2022-03-09 17:01:10', '2022-03-09 17:01:10'),
(150, 'Abbey Mortgage Bank', '801', 5, '2022-03-09 17:01:54', '2022-03-09 17:01:54'),
(151, 'Above Only MFB', '51204', 5, '2022-03-09 17:01:54', '2022-03-09 17:01:54'),
(152, 'Access Bank', '044', 5, '2022-03-09 17:01:54', '2022-03-09 17:01:54'),
(153, 'Access Bank (Diamond)', '063', 5, '2022-03-09 17:01:54', '2022-03-09 17:01:54'),
(154, 'ALAT by WEMA', '035A', 5, '2022-03-09 17:01:54', '2022-03-09 17:01:54'),
(155, 'Amju Unique MFB', '50926', 5, '2022-03-09 17:01:54', '2022-03-09 17:01:54'),
(157, 'Bainescredit MFB', '51229', 5, '2022-03-09 17:01:54', '2022-03-09 17:01:54'),
(158, 'Bowen Microfinance Bank', '50931', 5, '2022-03-09 17:01:54', '2022-03-09 17:01:54'),
(159, 'Carbon', '565', 5, '2022-03-09 17:01:54', '2022-03-09 17:01:54'),
(160, 'CEMCS Microfinance Bank', '50823', 5, '2022-03-09 17:01:54', '2022-03-09 17:01:54'),
(161, 'Chanelle Microfinance Bank Limited', '50171', 5, '2022-03-09 17:01:54', '2022-03-09 17:01:54'),
(162, 'Citibank Nigeria', '023', 5, '2022-03-09 17:01:54', '2022-03-09 17:01:54'),
(163, 'Corestep MFB', '50204', 5, '2022-03-09 17:01:54', '2022-03-09 17:01:54'),
(164, 'Coronation Merchant Bank', '559', 5, '2022-03-09 17:01:54', '2022-03-09 17:01:54'),
(165, 'Ecobank Nigeria', '050', 5, '2022-03-09 17:01:54', '2022-03-09 17:01:54'),
(166, 'Ekondo Microfinance Bank', '562', 5, '2022-03-09 17:01:54', '2022-03-09 17:01:54'),
(167, 'Eyowo', '50126', 5, '2022-03-09 17:01:54', '2022-03-09 17:01:54'),
(168, 'Fidelity Bank', '070', 5, '2022-03-09 17:01:54', '2022-03-09 17:01:54'),
(169, 'Firmus MFB', '51314', 5, '2022-03-09 17:01:54', '2022-03-09 17:01:54'),
(170, 'First Bank of Nigeria', '011', 5, '2022-03-09 17:01:54', '2022-03-09 17:01:54'),
(171, 'First City Monument Bank', '214', 5, '2022-03-09 17:01:54', '2022-03-09 17:01:54'),
(172, 'FSDH Merchant Bank Limited', '501', 5, '2022-03-09 17:01:54', '2022-03-09 17:01:54'),
(173, 'Gateway Mortgage Bank LTD', '812', 5, '2022-03-09 17:01:54', '2022-03-09 17:01:54'),
(174, 'Globus Bank', '00103', 5, '2022-03-09 17:01:54', '2022-03-09 17:01:54'),
(175, 'GoMoney', '100022', 5, '2022-03-09 17:01:54', '2022-03-09 17:01:54'),
(176, 'Guaranty Trust Bank', '058', 5, '2022-03-09 17:01:54', '2022-03-09 17:01:54'),
(177, 'Hackman Microfinance Bank', '51251', 5, '2022-03-09 17:01:54', '2022-03-09 17:01:54'),
(178, 'Hasal Microfinance Bank', '50383', 5, '2022-03-09 17:01:54', '2022-03-09 17:01:54'),
(179, 'Heritage Bank', '030', 5, '2022-03-09 17:01:54', '2022-03-09 17:01:54'),
(180, 'Ibile Microfinance Bank', '51244', 5, '2022-03-09 17:01:54', '2022-03-09 17:01:54'),
(181, 'Infinity MFB', '50457', 5, '2022-03-09 17:01:54', '2022-03-09 17:01:54'),
(182, 'Jaiz Bank', '301', 5, '2022-03-09 17:01:54', '2022-03-09 17:01:54'),
(183, 'Kadpoly MFB', '50502', 5, '2022-03-09 17:01:54', '2022-03-09 17:01:54'),
(184, 'Keystone Bank', '082', 5, '2022-03-09 17:01:54', '2022-03-09 17:01:54'),
(185, 'Kredi Money MFB LTD', '50200', 5, '2022-03-09 17:01:54', '2022-03-09 17:01:54'),
(186, 'Kuda Bank', '50211', 5, '2022-03-09 17:01:54', '2022-03-09 17:01:54'),
(187, 'Lagos Building Investment Company Plc.', '90052', 5, '2022-03-09 17:01:54', '2022-03-09 17:01:54'),
(188, 'Links MFB', '50549', 5, '2022-03-09 17:01:54', '2022-03-09 17:01:54'),
(189, 'Lotus Bank', '303', 5, '2022-03-09 17:01:54', '2022-03-09 17:01:54'),
(190, 'Mayfair MFB', '50563', 5, '2022-03-09 17:01:54', '2022-03-09 17:01:54'),
(191, 'Mint MFB', '50304', 5, '2022-03-09 17:01:54', '2022-03-09 17:01:54'),
(192, 'Paga', '100002', 5, '2022-03-09 17:01:54', '2022-03-09 17:01:54'),
(193, 'PalmPay', '999991', 5, '2022-03-09 17:01:54', '2022-03-09 17:01:54'),
(194, 'Parallex Bank', '104', 5, '2022-03-09 17:01:54', '2022-03-09 17:01:54'),
(195, 'Parkway - ReadyCash', '311', 5, '2022-03-09 17:01:54', '2022-03-09 17:01:54'),
(196, 'Paycom', '999992', 5, '2022-03-09 17:01:54', '2022-03-09 17:01:54'),
(197, 'Petra Mircofinance Bank Plc', '50746', 5, '2022-03-09 17:01:54', '2022-03-09 17:01:54'),
(198, 'Polaris Bank', '076', 5, '2022-03-09 17:01:54', '2022-03-09 17:01:54'),
(199, 'Providus Bank', '101', 5, '2022-03-09 17:01:54', '2022-03-09 17:01:54'),
(200, 'QuickFund MFB', '51293', 5, '2022-03-09 17:01:54', '2022-03-09 17:01:54'),
(201, 'Rand Merchant Bank', '502', 5, '2022-03-09 17:01:54', '2022-03-09 17:01:54'),
(202, 'Rubies MFB', '125', 5, '2022-03-09 17:01:54', '2022-03-09 17:01:54'),
(203, 'Safe Haven MFB', '51113', 5, '2022-03-09 17:01:54', '2022-03-09 17:01:54'),
(204, 'Sparkle Microfinance Bank', '51310', 5, '2022-03-09 17:01:54', '2022-03-09 17:01:54'),
(205, 'Stanbic IBTC Bank', '221', 5, '2022-03-09 17:01:54', '2022-03-09 17:01:54'),
(206, 'Standard Chartered Bank', '068', 5, '2022-03-09 17:01:54', '2022-03-09 17:01:54'),
(207, 'Stellas MFB', '51253', 5, '2022-03-09 17:01:54', '2022-03-09 17:01:54'),
(208, 'Sterling Bank', '232', 5, '2022-03-09 17:01:54', '2022-03-09 17:01:54'),
(209, 'Suntrust Bank', '100', 5, '2022-03-09 17:01:54', '2022-03-09 17:01:54'),
(210, 'TAJ Bank', '302', 5, '2022-03-09 17:01:54', '2022-03-09 17:01:54'),
(211, 'Tangerine Money', '51269', 5, '2022-03-09 17:01:54', '2022-03-09 17:01:54'),
(212, 'TCF MFB', '51211', 5, '2022-03-09 17:01:54', '2022-03-09 17:01:54'),
(213, 'Titan Bank', '102', 5, '2022-03-09 17:01:54', '2022-03-09 17:01:54'),
(214, 'Unical MFB', '50871', 5, '2022-03-09 17:01:54', '2022-03-09 17:01:54'),
(215, 'Union Bank of Nigeria', '032', 5, '2022-03-09 17:01:54', '2022-03-09 17:01:54'),
(216, 'United Bank For Africa', '033', 5, '2022-03-09 17:01:54', '2022-03-09 17:01:54'),
(217, 'Unity Bank', '215', 5, '2022-03-09 17:01:54', '2022-03-09 17:01:54'),
(218, 'VFD Microfinance Bank Limited', '566', 5, '2022-03-09 17:01:54', '2022-03-09 17:01:54'),
(219, 'Wema Bank', '035', 5, '2022-03-09 17:01:54', '2022-03-09 17:01:54'),
(220, 'Zenith Bank', '057', 5, '2022-03-09 17:01:54', '2022-03-09 17:01:54');

-- --------------------------------------------------------

--
-- Table structure for table `bills`
--

CREATE TABLE `bills` (
  `id` int(10) UNSIGNED NOT NULL,
  `user_id` int(11) NOT NULL DEFAULT '0',
  `amount` varchar(191) COLLATE utf8mb4_unicode_ci NOT NULL DEFAULT '0',
  `type` varchar(191) COLLATE utf8mb4_unicode_ci NOT NULL DEFAULT '+',
  `network` varchar(191) COLLATE utf8mb4_unicode_ci DEFAULT NULL,
  `phone` varchar(77) COLLATE utf8mb4_unicode_ci DEFAULT NULL,
  `plan` varchar(255) COLLATE utf8mb4_unicode_ci DEFAULT NULL,
  `trx` varchar(191) COLLATE utf8mb4_unicode_ci DEFAULT NULL,
  `status` varchar(55) COLLATE utf8mb4_unicode_ci DEFAULT NULL,
  `charge` text COLLATE utf8mb4_unicode_ci,
  `is_beneficiary` varchar(300) COLLATE utf8mb4_unicode_ci DEFAULT NULL,
  `is_beneficiary_name` varchar(300) COLLATE utf8mb4_unicode_ci DEFAULT NULL,
  `module` varchar(2) COLLATE utf8mb4_unicode_ci DEFAULT NULL,
  `gateway` int(22) DEFAULT NULL,
  `api` text COLLATE utf8mb4_unicode_ci,
  `accountname` varchar(50) COLLATE utf8mb4_unicode_ci DEFAULT NULL,
  `accountnumber` varchar(50) COLLATE utf8mb4_unicode_ci DEFAULT NULL,
  `newbalance` varchar(55) COLLATE utf8mb4_unicode_ci DEFAULT NULL,
  `deleted_at` text COLLATE utf8mb4_unicode_ci,
  `created_at` timestamp NULL DEFAULT NULL,
  `updated_at` timestamp NULL DEFAULT NULL
) ENGINE=InnoDB DEFAULT CHARSET=utf8mb4 COLLATE=utf8mb4_unicode_ci;

--
-- Dumping data for table `bills`
--

INSERT INTO `bills` (`id`, `user_id`, `amount`, `type`, `network`, `phone`, `plan`, `trx`, `status`, `charge`, `is_beneficiary`, `is_beneficiary_name`, `module`, `gateway`, `api`, `accountname`, `accountnumber`, `newbalance`, `deleted_at`, `created_at`, `updated_at`) VALUES
(45, 8, '100', '1', 'mtn', '08011111111', NULL, '2022121420513508159', '1', NULL, NULL, NULL, NULL, 0, NULL, NULL, NULL, '57042830', NULL, '2022-12-14 17:51:36', '2022-12-14 17:51:36'),
(46, 8, '200', '1', 'mtn', '08011111111', NULL, '2022121420532491854', '1', NULL, NULL, NULL, NULL, 0, NULL, NULL, NULL, '57042630', NULL, '2022-12-14 17:53:25', '2022-12-14 17:53:25'),
(47, 8, '2000.00', '2', 'mtn', '08011111111', NULL, '2022121421091398732', '1', NULL, NULL, NULL, NULL, NULL, NULL, 'N2000 4.5GB - 30 days', NULL, NULL, NULL, '2022-12-14 18:09:15', '2022-12-14 18:09:15'),
(48, 8, '5000.00', '2', 'etisalat', '08011111111', NULL, '2022121421092670652', '1', NULL, NULL, NULL, NULL, NULL, NULL, '9mobile Data - 5000 Naira - 15GB Data - 30 D', NULL, NULL, NULL, '2022-12-14 18:09:27', '2022-12-14 18:09:27'),
(49, 8, '18400.00', '3', 'DSTV', '1212121212', 'DStv Premium N18,400', '2022121421282904673', '1', NULL, NULL, NULL, NULL, NULL, NULL, 'Testermetri', NULL, '57015130', NULL, '2022-12-14 18:28:30', '2022-12-14 18:28:30'),
(50, 8, '4200.00', '3', 'Startimes', '1212121212', 'Super - 4,200 Naira - 1 Month', '2022121421301609123', '1', NULL, NULL, NULL, NULL, NULL, NULL, 'TestMan', NULL, '57010830', NULL, '2022-12-14 18:30:17', '2022-12-14 18:30:17'),
(51, 8, '1000', '4', 'Ikeja Electric ', '1111111111111', NULL, '2022121421434806781', '1', NULL, NULL, NULL, NULL, NULL, NULL, 'TESTMETER1', '1111111111111', NULL, NULL, '2022-12-14 18:43:49', '2022-12-14 18:43:49'),
(52, 8, '1000', '4', 'Ikeja Electric ', '1111111111111', NULL, '2022121421451316485', '1', NULL, NULL, NULL, NULL, NULL, '{\"code\":\"000\",\"content\":{\"transactions\":{\"status\":\"delivered\",\"product_name\":\"Ikeja Electric Payment - PHCN\",\"unique_element\":\"1111111111111\",\"unit_price\":1000,\"quantity\":1,\"service_verification\":null,\"channel\":\"api\",\"commission\":15,\"total_amount\":985,\"discount\":null,\"type\":\"Electricity Bill\",\"email\":\"adetunjioluwakayode@gmail.com\",\"phone\":\"08031975397\",\"name\":null,\"convinience_fee\":0,\"amount\":\"1000.00\",\"platform\":\"api\",\"method\":\"wallet\",\"transactionId\":\"16710507136137293698354713\"}},\"response_description\":\"TRANSACTION SUCCESSFUL\",\"requestId\":\"2022121421451316485\",\"amount\":\"1000.00\",\"transaction_date\":{\"date\":\"2022-12-14 21:45:13.000000\",\"timezone_type\":3,\"timezone\":\"Africa\\/Lagos\"},\"purchased_code\":\"Token : 26362054405982757802\",\"customerName\":\"TESTMETER1\",\"customerAddress\":\"ABULE - EGBA BU ABULE\",\"token\":\"Token : 26362054405982757802\",\"tokenAmount\":1860.47,\"exchangeReference\":\"40532461\",\"resetToken\":null,\"configureToken\":null,\"units\":\"79.9 kWh\",\"fixChargeAmount\":null,\"tariff\":\"R2 SINGLE PHASE RESIDENTIAL\",\"taxAmount\":null}', 'Meter: Ikeja Electric Payment - PHCN<br>Meter Numb', 'Null', NULL, NULL, '2022-12-14 18:45:14', '2022-12-14 17:49:23'),
(53, 3, '550', '1', 'glo', '08011111111', NULL, '2022121709213920759', '1', NULL, NULL, NULL, NULL, 0, NULL, NULL, NULL, '1431.5', NULL, '2022-12-17 06:21:40', '2022-12-17 06:21:40'),
(54, 3, '200.00', '2', 'glo', '08011111111', NULL, '2022121709222206927', '1', NULL, NULL, NULL, NULL, NULL, NULL, 'Glo Data N200 -  350MB - 4 days', NULL, NULL, NULL, '2022-12-17 06:22:23', '2022-12-17 06:22:23'),
(55, 3, '550', '1', 'airtel', '08011111111', NULL, '2022121818270695067', '1', NULL, NULL, NULL, NULL, 0, NULL, NULL, NULL, '675', NULL, '2022-12-18 15:27:07', '2022-12-18 15:27:07'),
(56, 3, '50', '1', 'airtel', '08011111111', NULL, '2022121818303253921', '1', NULL, NULL, NULL, NULL, 0, NULL, NULL, NULL, '625', NULL, '2022-12-18 15:30:34', '2022-12-18 15:30:34'),
(57, 3, '100', '1', 'airtel', '08011111111', NULL, '2022121818375470625', '1', NULL, NULL, NULL, NULL, 0, NULL, NULL, NULL, '525', NULL, '2022-12-18 15:37:55', '2022-12-18 15:37:55'),
(58, 3, '600', '1', 'glo', '08011111111', NULL, '2022121822114392140', '1', NULL, NULL, NULL, NULL, 0, NULL, NULL, NULL, '1523', NULL, '2022-12-18 19:11:44', '2022-12-18 19:11:44'),
(59, 3, '523', '1', 'glo', '08011111111', NULL, '2022121823113471639', '1', NULL, NULL, NULL, NULL, 0, NULL, NULL, NULL, '1521', NULL, '2022-12-18 20:11:35', '2022-12-18 20:11:35'),
(60, 3, '200', '1', 'glo', '08011111111', NULL, '2022121823173303159', '1', NULL, '08011111111', 'Test', '1', 0, NULL, NULL, NULL, '1325', NULL, '2022-12-18 20:17:34', '2022-12-18 20:17:34'),
(61, 3, '400', '1', 'airtel', '08011111111', NULL, '2022121901484032157', '1', NULL, NULL, NULL, NULL, 0, NULL, NULL, NULL, '933', NULL, '2022-12-18 22:48:41', '2022-12-18 22:48:41'),
(62, 3, '400', '1', 'mtn', '08011111111', NULL, '2022121901490318402', '1', NULL, NULL, NULL, NULL, 0, NULL, NULL, NULL, '933', NULL, '2022-12-18 22:49:04', '2022-12-18 22:49:04'),
(63, 3, '100', '1', 'glo', '08011111111', NULL, '2022121902205663748', '1', NULL, NULL, NULL, NULL, 0, NULL, NULL, NULL, '933', NULL, '2022-12-18 23:20:57', '2022-12-18 23:20:57'),
(64, 3, '100', '1', 'glo', '08011111111', NULL, '2022121902474108763', '1', NULL, NULL, NULL, NULL, 0, NULL, NULL, NULL, '933', NULL, '2022-12-18 23:47:42', '2022-12-18 23:47:42'),
(65, 3, '700', '1', 'airtel', '08011111111', NULL, '2022121902593259201', '1', NULL, NULL, NULL, NULL, 0, NULL, NULL, NULL, '933', NULL, '2022-12-18 23:59:33', '2022-12-18 23:59:33'),
(66, 3, '100', '1', 'airtel', '08011111111', NULL, '2022121903000507345', '1', NULL, NULL, NULL, NULL, 0, NULL, NULL, NULL, '933', NULL, '2022-12-19 00:00:06', '2022-12-19 00:00:06'),
(67, 3, '100', '1', 'airtel', '08011111111', NULL, '2022121903000904506', '1', NULL, NULL, NULL, NULL, 0, NULL, NULL, NULL, '933', NULL, '2022-12-19 00:00:10', '2022-12-19 00:00:10'),
(68, 3, '100', '1', 'airtel', '08011111111', NULL, '2022121903011080043', '1', NULL, NULL, NULL, NULL, 0, NULL, NULL, NULL, '933', NULL, '2022-12-19 00:01:11', '2022-12-19 00:01:11'),
(69, 3, '100', '1', 'etisalat', '08011111111', NULL, '2022121903075400645', '1', NULL, NULL, NULL, NULL, 0, NULL, NULL, NULL, '933', NULL, '2022-12-19 00:07:56', '2022-12-19 00:07:56'),
(70, 3, '100', '1', 'etisalat', '08011111111', NULL, '2022121903080205821', '1', NULL, NULL, NULL, NULL, 0, NULL, NULL, NULL, '933', NULL, '2022-12-19 00:08:03', '2022-12-19 00:08:03'),
(71, 3, '100', '1', 'glo', '08011111111', NULL, '2022121908512423806', '1', NULL, NULL, NULL, NULL, 0, NULL, NULL, NULL, '835', NULL, '2022-12-19 05:51:25', '2022-12-19 05:51:25'),
(72, 3, '100', '1', 'glo', '08011111111', NULL, '2022121908520502613', '1', NULL, NULL, NULL, NULL, 0, NULL, NULL, NULL, '737', NULL, '2022-12-19 05:52:06', '2022-12-19 05:52:06'),
(73, 3, '70', '1', 'glo', '08011111111', NULL, '20221219092342PYA', '1', NULL, NULL, NULL, NULL, 0, NULL, NULL, NULL, '737', NULL, '2022-12-19 06:23:44', '2022-12-19 06:23:44'),
(74, 3, '50', '1', 'airtel', '08011111111', NULL, '20221219092656FOP', '1', NULL, NULL, NULL, NULL, 0, NULL, NULL, NULL, '737', NULL, '2022-12-19 06:26:57', '2022-12-19 06:26:57'),
(75, 3, '50', '1', 'glo', '08011111111', NULL, '20221219093140FYA', '1', NULL, NULL, NULL, NULL, 0, NULL, NULL, NULL, '737', NULL, '2022-12-19 06:31:41', '2022-12-19 06:31:41'),
(76, 3, '550', '1', 'mtn', '08011111111', NULL, '20221219093217FGY', '1', NULL, NULL, NULL, NULL, 0, NULL, NULL, NULL, '737', NULL, '2022-12-19 06:32:18', '2022-12-19 06:32:18'),
(77, 3, '550', '1', 'etisalat', '08011111111', NULL, '20221219093241PGO', '1', NULL, NULL, NULL, NULL, 0, NULL, NULL, NULL, '737', NULL, '2022-12-19 06:32:43', '2022-12-19 06:32:43'),
(78, 3, '100', '1', 'etisalat', '08011111111', NULL, '20221219093308FAY', '1', NULL, NULL, NULL, NULL, 0, NULL, NULL, NULL, '737', NULL, '2022-12-19 06:33:09', '2022-12-19 06:33:09'),
(79, 3, '99.00', '2', 'airtel', '08011111111', NULL, '20221219152512GAY', '1', NULL, NULL, NULL, NULL, NULL, NULL, 'Airtel Data Bundle - 100 Naira - 75MB - 1Day', NULL, NULL, NULL, '2022-12-19 12:25:13', '2022-12-19 12:25:13'),
(80, 3, '100.00', '2', 'mtn', '08011111111', NULL, '20221219153003PGA', '1', NULL, NULL, NULL, NULL, NULL, NULL, 'N100 100MB - 24 hrs', NULL, NULL, NULL, '2022-12-19 12:30:04', '2022-12-19 12:30:04'),
(81, 3, '1850.00', '3', 'DSTV', '1212121212', 'DStv Padi N1,850', '2022121921472807381', '1', NULL, NULL, NULL, NULL, NULL, NULL, 'Testermetri', NULL, '52117', NULL, '2022-12-19 18:47:30', '2022-12-19 18:47:30'),
(82, 3, '1850.00', '3', 'DSTV', '1212121212', 'DStv Padi N1,850', '20221219234208FPA', '1', NULL, NULL, NULL, NULL, NULL, NULL, 'Testermetri', NULL, '50167', NULL, '2022-12-19 20:42:09', '2022-12-19 20:42:09'),
(83, 3, '550', '4', 'Ikeja Electric ', '1111111111111', NULL, '2022121923464408267', '1', NULL, NULL, NULL, NULL, NULL, '{\"code\":\"000\",\"content\":{\"transactions\":{\"status\":\"delivered\",\"product_name\":\"Ikeja Electric Payment - PHCN\",\"unique_element\":\"1111111111111\",\"unit_price\":550,\"quantity\":1,\"service_verification\":null,\"channel\":\"api\",\"commission\":8,\"total_amount\":541.75,\"discount\":null,\"type\":\"Electricity Bill\",\"email\":\"adetunjioluwakayode@gmail.com\",\"phone\":\"08031975397\",\"name\":null,\"convinience_fee\":0,\"amount\":\"550.00\",\"platform\":\"api\",\"method\":\"wallet\",\"transactionId\":\"16714900049845903666947856\"}},\"response_description\":\"TRANSACTION SUCCESSFUL\",\"requestId\":\"2022121923464408267\",\"amount\":\"550.00\",\"transaction_date\":{\"date\":\"2022-12-19 23:46:44.000000\",\"timezone_type\":3,\"timezone\":\"Africa\\/Lagos\"},\"purchased_code\":\"Token : 26362054405982757802\",\"customerName\":\"TESTMETER1\",\"customerAddress\":\"ABULE - EGBA BU ABULE\",\"token\":\"Token : 26362054405982757802\",\"tokenAmount\":1860.47,\"exchangeReference\":\"40532461\",\"resetToken\":null,\"configureToken\":null,\"units\":\"79.9 kWh\",\"fixChargeAmount\":null,\"tariff\":\"R2 SINGLE PHASE RESIDENTIAL\",\"taxAmount\":null}', 'Meter: Ikeja Electric Payment - PHCN<br>Meter Numb', 'Null', NULL, NULL, '2022-12-19 20:46:45', '2022-12-19 19:46:55');

-- --------------------------------------------------------

--
-- Table structure for table `bills_bulk_jobs`
--

CREATE TABLE `bills_bulk_jobs` (
  `id` bigint(20) UNSIGNED NOT NULL,
  `user_id` int(10) DEFAULT NULL,
  `beneficiary` varchar(20) COLLATE utf8mb4_unicode_ci DEFAULT NULL,
  `network` varchar(255) COLLATE utf8mb4_unicode_ci NOT NULL,
  `amount` varchar(10) COLLATE utf8mb4_unicode_ci DEFAULT NULL,
  `cashback` float(8,2) DEFAULT NULL,
  `payable` float(8,2) DEFAULT NULL,
  `response` varchar(200) COLLATE utf8mb4_unicode_ci DEFAULT NULL,
  `api` longtext CHARACTER SET utf8mb4 COLLATE utf8mb4_bin,
  `status` int(1) DEFAULT NULL COMMENT '1=>enable, 2=>disable',
  `deleted_at` datetime DEFAULT NULL,
  `created_at` timestamp NULL DEFAULT NULL,
  `updated_at` timestamp NULL DEFAULT NULL
) ENGINE=InnoDB DEFAULT CHARSET=utf8mb4 COLLATE=utf8mb4_unicode_ci;

--
-- Dumping data for table `bills_bulk_jobs`
--

INSERT INTO `bills_bulk_jobs` (`id`, `user_id`, `beneficiary`, `network`, `amount`, `cashback`, `payable`, `response`, `api`, `status`, `deleted_at`, `created_at`, `updated_at`) VALUES
(93, 8, '08031975397', 'mtn', '600', 12.00, 588.00, NULL, NULL, 0, NULL, '2022-12-07 10:32:40', '2022-12-07 10:32:40'),
(94, 8, '08031975397', 'mtn', '200', 4.00, 196.00, NULL, NULL, 0, NULL, '2022-12-07 11:01:13', '2022-12-07 11:01:13'),
(95, 8, '08023444323', 'airtel', '500', 10.00, 490.00, NULL, NULL, 0, NULL, '2022-12-07 11:01:13', '2022-12-07 11:01:13'),
(96, 8, '08098983332', 'etisalat', '1000', 20.00, 980.00, NULL, NULL, 0, NULL, '2022-12-07 11:01:13', '2022-12-07 11:01:13'),
(97, 8, '08031975397', 'mtn', NULL, 0.00, 0.00, NULL, NULL, 0, NULL, '2022-12-07 11:04:09', '2022-12-07 11:04:09'),
(98, 8, '08031975397', 'mtn', NULL, 0.00, 0.00, NULL, NULL, 0, NULL, '2022-12-07 11:28:49', '2022-12-07 11:28:49'),
(99, 8, '08031975397', 'mtn', '100', 2.00, 98.00, NULL, NULL, 0, NULL, '2022-12-07 11:31:52', '2022-12-07 11:31:52'),
(100, 3, '08054728850', 'glo', '100', 2.00, 98.00, NULL, NULL, 0, NULL, '2022-12-18 08:16:04', '2022-12-18 08:16:04'),
(101, 3, '08168526386', 'mtn', '100', 2.00, 98.00, NULL, NULL, 0, NULL, '2022-12-18 08:16:04', '2022-12-18 08:16:04');

-- --------------------------------------------------------

--
-- Table structure for table `bill_transactions`
--

CREATE TABLE `bill_transactions` (
  `id` int(32) NOT NULL,
  `user_id` int(32) NOT NULL,
  `type` int(1) NOT NULL,
  `amount` varchar(32) NOT NULL,
  `rate` varchar(32) DEFAULT NULL,
  `currency` varchar(32) DEFAULT NULL,
  `charge` varchar(32) NOT NULL,
  `biller` text,
  `ref` varchar(32) NOT NULL,
  `track` varchar(64) NOT NULL,
  `trx_ref` varchar(64) NOT NULL,
  `created_at` timestamp NOT NULL DEFAULT CURRENT_TIMESTAMP ON UPDATE CURRENT_TIMESTAMP,
  `updated_at` timestamp NOT NULL DEFAULT CURRENT_TIMESTAMP
) ENGINE=InnoDB DEFAULT CHARSET=utf8mb4;

-- --------------------------------------------------------

--
-- Table structure for table `cabletvbundles`
--

CREATE TABLE `cabletvbundles` (
  `id` int(10) UNSIGNED NOT NULL,
  `name` varchar(44) DEFAULT NULL,
  `network` varchar(77) DEFAULT NULL,
  `networkcode` varchar(77) DEFAULT NULL,
  `code` text,
  `plan` varchar(22) DEFAULT NULL,
  `cost` varchar(22) DEFAULT NULL,
  `status` varchar(22) DEFAULT NULL,
  `deleted_at` text,
  `created_at` varchar(29) DEFAULT NULL,
  `updated_at` varchar(33) DEFAULT NULL,
  `image` varchar(55) DEFAULT NULL
) ENGINE=InnoDB DEFAULT CHARSET=latin1;

--
-- Dumping data for table `cabletvbundles`
--

INSERT INTO `cabletvbundles` (`id`, `name`, `network`, `networkcode`, `code`, `plan`, `cost`, `status`, `deleted_at`, `created_at`, `updated_at`, `image`) VALUES
(1, 'DStv Padi N1,850', 'DSTV', 'dstv', 'dstv', 'dstv-padi', '1850.00', '1', NULL, '2021-04-11 04:49:53', '2022-12-19 09:43:53', NULL),
(2, 'DStv Yanga N2,565', 'DSTV', 'dstv', 'dstv', 'dstv-yanga', '2565.00', '1', NULL, '2021-04-11 04:49:53', '2021-04-11 04:49:53', NULL),
(3, 'Dstv Confam N4,615', 'DSTV', 'dstv', 'dstv', 'dstv-confam', '4615.00', '1', NULL, '2021-04-11 04:49:53', '2021-04-11 04:49:53', NULL),
(4, 'DStv  Compact N7900', 'DSTV', 'dstv', 'dstv', 'dstv79', '7900.00', '1', NULL, '2021-04-11 04:49:53', '2021-04-11 04:49:53', NULL),
(5, 'DStv Premium N18,400', 'DSTV', 'dstv', 'dstv', 'dstv3', '18400.00', '1', NULL, '2021-04-11 04:49:53', '2021-04-11 04:49:53', NULL),
(6, 'DStv Asia N6,200', 'DSTV', 'dstv', 'dstv', 'dstv6', '6200.00', '1', NULL, '2021-04-11 04:49:53', '2021-04-11 04:49:53', NULL),
(7, 'DStv Compact Plus N12,400', 'DSTV', 'dstv', 'dstv', 'dstv7', '12400.00', '1', NULL, '2021-04-11 04:49:53', '2021-04-11 04:49:53', NULL),
(8, 'DStv Premium-French N25,550', 'DSTV', 'dstv', 'dstv', 'dstv9', '25550.00', '1', NULL, '2021-04-11 04:49:53', '2021-04-11 04:49:53', NULL),
(9, 'DStv Premium-Asia N20,500', 'DSTV', 'dstv', 'dstv', 'dstv10', '20500.00', '1', NULL, '2021-04-11 04:49:53', '2021-04-11 04:49:53', NULL),
(10, 'DStv Confam + ExtraView N7,115', 'DSTV', 'dstv', 'dstv', 'confam-extra', '7115.00', '1', NULL, '2021-04-11 04:49:53', '2021-04-11 04:49:53', NULL),
(11, 'DStv Yanga + ExtraView N5,065', 'DSTV', 'dstv', 'dstv', 'yanga-extra', '5065.00', '1', NULL, '2021-04-11 04:49:53', '2021-04-11 04:49:53', NULL),
(12, 'DStv Padi + ExtraView N4,350', 'DSTV', 'dstv', 'dstv', 'padi-extra', '4350.00', '1', NULL, '2021-04-11 04:49:53', '2021-04-11 04:49:53', NULL),
(13, 'DStv Compact + Asia N14,100', 'DSTV', 'dstv', 'dstv', 'com-asia', '14100.00', '1', NULL, '2021-04-11 04:49:53', '2021-04-11 04:49:53', NULL),
(14, 'DStv Compact + Extra View N10,400', 'DSTV', 'dstv', 'dstv', 'dstv30', '10400.00', '1', NULL, '2021-04-11 04:49:53', '2021-04-11 04:49:53', NULL),
(15, 'DStv Compact + French Touch N10,200', 'DSTV', 'dstv', 'dstv', 'com-frenchtouch', '10200.00', '1', NULL, '2021-04-11 04:49:53', '2021-04-11 04:49:53', NULL),
(16, 'DStv Premium - Extra View N20,900', 'DSTV', 'dstv', 'dstv', 'dstv33', '20900.00', '1', NULL, '2021-04-11 04:49:53', '2021-04-11 04:49:53', NULL),
(17, 'DStv Compact Plus - Asia N18,600', 'DSTV', 'dstv', 'dstv', 'dstv40', '18600.00', '1', NULL, '2021-04-11 04:49:53', '2021-04-11 04:49:53', NULL),
(18, 'DStv Compact + French Touch + ExtraView N12,', 'DSTV', 'dstv', 'dstv', 'com-frenchtouch-extra', '12700.00', '1', NULL, '2021-04-11 04:49:53', '2021-04-11 04:49:53', NULL),
(19, 'DStv Compact + Asia + ExtraView N16,600', 'DSTV', 'dstv', 'dstv', 'com-asia-extra', '16600.00', '1', NULL, '2021-04-11 04:49:53', '2021-04-11 04:49:53', NULL),
(20, 'DStv Compact Plus + French Plus N20,500', 'DSTV', 'dstv', 'dstv', 'dstv43', '20500.00', '1', NULL, '2021-04-11 04:49:53', '2021-04-11 04:49:53', NULL),
(21, 'DStv Compact Plus + French Touch N14,700', 'DSTV', 'dstv', 'dstv', 'complus-frenchtouch', '14700.00', '1', NULL, '2021-04-11 04:49:53', '2021-04-11 04:49:53', NULL),
(22, 'DStv Compact Plus - Extra View N14,900', 'DSTV', 'dstv', 'dstv', 'dstv45', '14900.00', '1', NULL, '2021-04-11 04:49:53', '2021-04-11 04:49:53', NULL),
(23, 'DStv Compact Plus + FrenchPlus + Extra View ', 'DSTV', 'dstv', 'dstv', 'complus-french-extravi', '23000.00', '1', NULL, '2021-04-11 04:49:53', '2021-04-11 04:49:53', NULL),
(24, 'DStv Compact + French Plus N16,000', 'DSTV', 'dstv', 'dstv', 'dstv47', '16000.00', '1', NULL, '2021-04-11 04:49:53', '2021-04-11 04:49:53', NULL),
(25, 'DStv Compact Plus + Asia + ExtraView N21,100', 'DSTV', 'dstv', 'dstv', 'dstv48', '21100.00', '1', NULL, '2021-04-11 04:49:53', '2021-04-11 04:49:53', NULL),
(26, 'DStv Premium + Asia + Extra View N23,000', 'DSTV', 'dstv', 'dstv', 'dstv61', '23000.00', '1', NULL, '2021-04-11 04:49:53', '2021-04-11 04:49:53', NULL),
(27, 'DStv Premium + French + Extra View N28,000', 'DSTV', 'dstv', 'dstv', 'dstv62', '28050.00', '1', NULL, '2021-04-11 04:49:53', '2021-04-11 04:49:53', NULL),
(28, 'DStv HDPVR Access Service N2,500', 'DSTV', 'dstv', 'dstv', 'hdpvr-access-service', '2500.00', '1', NULL, '2021-04-11 04:49:53', '2021-04-11 04:49:53', NULL),
(29, 'DStv French Plus Add-on N8,100', 'DSTV', 'dstv', 'dstv', 'frenchplus-addon', '8100.00', '1', NULL, '2021-04-11 04:49:53', '2021-04-11 04:49:53', NULL),
(30, 'DStv Asian Add-on N6,200', 'DSTV', 'dstv', 'dstv', 'asia-addon', '6200.00', '1', NULL, '2021-04-11 04:49:53', '2021-04-11 04:49:53', NULL),
(31, 'DStv French Touch Add-on N2,300', 'DSTV', 'dstv', 'dstv', 'frenchtouch-addon', '2300.00', '1', NULL, '2021-04-11 04:49:53', '2021-04-11 04:49:53', NULL),
(32, 'ExtraView Access N2,500', 'DSTV', 'dstv', 'dstv', 'extraview-access', '2500.00', '1', NULL, '2021-04-11 04:49:53', '2021-04-11 04:49:53', NULL),
(33, 'DStv French 11 N3,260', 'DSTV', 'dstv', 'dstv', 'french11', '3260.00', '1', NULL, '2021-04-11 04:49:53', '2021-04-11 04:49:53', NULL),
(34, 'DStv Compact Plus + FrenchPlus + Extra View ', 'DSTV', 'dstv', 'dstv', 'complus-french-extravi', '23000.00', '1', NULL, '2021-04-11 04:52:54', '2021-04-11 04:52:54', NULL),
(35, 'GOtv Lite N410', 'GOTV', 'gotv', 'gotv', 'gotv-lite', '410.00', '1', NULL, '2021-04-11 04:52:55', '2021-04-11 04:52:55', NULL),
(36, 'GOtv Max N3,600', 'GOTV', 'gotv', 'gotv', 'gotv-max', '3600.00', '1', NULL, '2021-04-11 04:52:55', '2021-04-11 04:52:55', NULL),
(37, 'GOtv Jolli N2,460', 'GOTV', 'gotv', 'gotv', 'gotv-jolli', '2460.00', '1', NULL, '2021-04-11 04:52:55', '2021-04-11 04:52:55', NULL),
(38, 'GOtv Jinja N1,640', 'GOTV', 'gotv', 'gotv', 'gotv-jinja', '1640.00', '1', NULL, '2021-04-11 04:52:55', '2021-04-11 04:52:55', NULL),
(39, 'GOtv Lite (3 Months) N1,080', 'GOTV', 'gotv', 'gotv', 'gotv-lite-3months', '1080.00', '1', NULL, '2021-04-11 04:52:55', '2021-04-11 04:52:55', NULL),
(40, 'GOtv Lite (1 Year) N3,180', 'GOTV', 'gotv', 'gotv', 'gotv-lite-1year', '3180.00', '1', NULL, '2021-04-11 04:52:55', '2021-04-11 04:52:55', NULL),
(41, 'Nova - 900 Naira - 1 Month', 'Startimes', 'startimes', 'startimes', 'nova', '900.00', '1', NULL, '2021-04-11 04:52:55', '2021-04-11 04:52:55', NULL),
(42, 'Basic - 1,700 Naira - 1 Month', 'Startimes', 'startimes', 'startimes', 'basic', '1700.00', '1', NULL, '2021-04-11 04:52:55', '2021-04-11 04:52:55', NULL),
(43, 'Smart - 2,200 Naira - 1 Month', 'Startimes', 'startimes', 'startimes', 'smart', '2200.00', '1', NULL, '2021-04-11 04:52:55', '2021-04-11 04:52:55', NULL),
(44, 'Classic - 2,500 Naira - 1 Month', 'Startimes', 'startimes', 'startimes', 'classic', '2500.00', '1', NULL, '2021-04-11 04:52:55', '2021-04-11 04:52:55', NULL),
(45, 'Super - 4,200 Naira - 1 Month', 'Startimes', 'startimes', 'startimes', 'super', '4200.00', '1', NULL, '2021-04-11 04:52:55', '2021-04-11 04:52:55', NULL),
(46, 'Nova - 300 Naira - 1 Week', 'Startimes', 'startimes', 'startimes', 'nova-weekly', '300.00', '1', NULL, '2021-04-11 04:52:55', '2021-04-11 04:52:55', NULL),
(47, 'Basic - 600 Naira - 1 Week', 'Startimes', 'startimes', 'startimes', 'basic-weekly', '600.00', '1', NULL, '2021-04-11 04:52:55', '2021-04-11 04:52:55', NULL),
(48, 'Smart - 700 Naira - 1 Week', 'Startimes', 'startimes', 'startimes', 'smart-weekly', '700.00', '1', NULL, '2021-04-11 04:52:55', '2021-04-11 04:52:55', NULL),
(49, 'Classic - 1200 Naira - 1 Week ', 'Startimes', 'startimes', 'startimes', 'classic-weekly', '1200.00', '1', NULL, '2021-04-11 04:52:55', '2021-04-11 04:52:55', NULL),
(50, 'Super - 1,500 Naira - 1 Week', 'Startimes', 'startimes', 'startimes', 'super-weekly', '1500.00', '1', NULL, '2021-04-11 04:52:55', '2021-04-11 04:52:55', NULL),
(51, 'Nova - 90 Naira - 1 Day', 'Startimes', 'startimes', 'startimes', 'nova-daily', '90.00', '1', NULL, '2021-04-11 04:52:55', '2021-04-11 04:52:55', NULL),
(52, 'Basic - 160 Naira - 1 Day', 'Startimes', 'startimes', 'startimes', 'basic-daily', '160.00', '1', NULL, '2021-04-11 04:52:55', '2021-04-11 04:52:55', NULL),
(53, 'Smart - 200 Naira - 1 Day', 'Startimes', 'startimes', 'startimes', 'smart-daily', '200.00', '1', NULL, '2021-04-11 04:52:55', '2021-04-11 04:52:55', NULL),
(54, 'Classic - 320 Naira - 1 Day ', 'Startimes', 'startimes', 'startimes', 'classic-daily', '320.00', '1', NULL, '2021-04-11 04:52:55', '2021-04-11 04:52:55', NULL),
(55, 'Super - 400 Naira - 1 Day', 'Startimes', 'startimes', 'startimes', 'super-daily', '400.00', '1', NULL, '2021-04-11 04:52:55', '2021-04-11 04:52:55', NULL),
(56, 'ewallet Amount', 'Startimes', 'startimes', 'startimes', 'ewallet', '0.00', '1', NULL, '2021-04-11 04:52:55', '2021-04-11 04:52:55', NULL);

-- --------------------------------------------------------

--
-- Table structure for table `categories`
--

CREATE TABLE `categories` (
  `id` bigint(20) UNSIGNED NOT NULL,
  `key` varchar(191) COLLATE utf8mb4_unicode_ci NOT NULL,
  `value` json DEFAULT NULL,
  `lang` varchar(5) COLLATE utf8mb4_unicode_ci NOT NULL DEFAULT 'en',
  `status` tinyint(1) NOT NULL DEFAULT '1',
  `created_at` timestamp NULL DEFAULT NULL,
  `updated_at` timestamp NULL DEFAULT NULL
) ENGINE=InnoDB DEFAULT CHARSET=utf8mb4 COLLATE=utf8mb4_unicode_ci;

--
-- Dumping data for table `categories`
--

INSERT INTO `categories` (`id`, `key`, `value`, `lang`, `status`, `created_at`, `updated_at`) VALUES
(14, 'faq', '{\"answer\": \"Anim pariatur cliche reprehenderit, enim eiusmod high life accusamus terry richardson ad squid. 3 wolf moon officia aute, non cupidatat skateboard dolor brunch. Food truck quinoa nesciunt eiusmod.\", \"question\": \"What is the regular license?\"}', 'en', 1, '2022-07-31 11:39:28', '2022-07-31 11:50:48'),
(15, 'faq', '{\"answer\": \"Anim pariatur cliche reprehenderit, enim eiusmod high life accusamus terry richardson ad squid. 3 wolf moon officia aute, non cupidatat skateboard dolor brunch. Food truck quinoa nesciunt eiusmod.\", \"question\": \"How can I purchased The Sell?\"}', 'en', 1, '2022-07-31 11:39:29', '2022-07-31 11:51:06'),
(16, 'faq', '{\"answer\": \"Anim pariatur cliche reprehenderit, enim eiusmod high life accusamus terry richardson ad squid. 3 wolf moon officia aute, non cupidatat skateboard dolor brunch. Food truck quinoa nesciunt eiusmod.\", \"question\": \"What are the minimum requirements?\"}', 'en', 1, '2022-07-31 11:39:31', '2022-07-31 11:51:21'),
(17, 'reviews', '{\"name\": \"Ajoy Das\", \"image\": \"/uploads/1/22/07/62e68167244e53107221659273575.jpg\", \"rating\": \"5\", \"comment\": \"Veritatis fugit quam blanditiis rerum reprehenderit maxime expedita odit,\\r\\n                                laboriosam voluptatibus? Iure corporis nulla eveniet quam.\", \"position\": \"CEO\"}', 'en', 1, '2022-07-31 11:47:55', '2022-07-31 11:47:55'),
(18, 'reviews', '{\"name\": \"Chaity Shaha\", \"image\": \"/uploads/1/22/07/62e681674414c3107221659273575.jpg\", \"rating\": \"4\", \"comment\": \"Veritatis fugit quam blanditiis rerum reprehenderit maxime expedita edit,  laboriosam voluptatibus? Iure corporis nulla eveniet quam.\", \"position\": \"CEO\"}', 'en', 1, '2022-07-31 11:48:35', '2022-07-31 11:48:35'),
(19, 'reviews', '{\"name\": \"Chaity Shaha\", \"image\": \"/uploads/1/22/07/62e681674414c3107221659273575.jpg\", \"rating\": \"4\", \"comment\": \"Veritatis fugit quam blanditiis rerum reprehenderit maxime expedita edit,  laboriosam voluptatibus? Iure corporis nulla eveniet quam.\", \"position\": \"Developer\"}', 'en', 1, '2022-07-31 11:48:35', '2022-07-31 11:48:35'),
(20, 'reviews', '{\"name\": \"Ajoy Das\", \"image\": \"/uploads/1/22/07/62e68167244e53107221659273575.jpg\", \"rating\": \"5\", \"comment\": \"Veritatis fugit quam blanditiis rerum reprehenderit maxime expedita odit,\\r\\n                                laboriosam voluptatibus? Iure corporis nulla eveniet quam.\", \"position\": \"Developer\"}', 'en', 1, '2022-07-31 11:47:55', '2022-07-31 11:47:55');

-- --------------------------------------------------------

--
-- Table structure for table `contact_mails`
--

CREATE TABLE `contact_mails` (
  `id` bigint(20) UNSIGNED NOT NULL,
  `first_name` varchar(191) COLLATE utf8mb4_unicode_ci NOT NULL,
  `last_name` varchar(191) COLLATE utf8mb4_unicode_ci NOT NULL,
  `email` varchar(191) COLLATE utf8mb4_unicode_ci NOT NULL,
  `phone` varchar(191) COLLATE utf8mb4_unicode_ci NOT NULL,
  `message` text COLLATE utf8mb4_unicode_ci NOT NULL,
  `created_at` timestamp NULL DEFAULT NULL,
  `updated_at` timestamp NULL DEFAULT NULL
) ENGINE=InnoDB DEFAULT CHARSET=utf8mb4 COLLATE=utf8mb4_unicode_ci;

-- --------------------------------------------------------

--
-- Table structure for table `currencies`
--

CREATE TABLE `currencies` (
  `id` bigint(20) UNSIGNED NOT NULL,
  `name` varchar(191) COLLATE utf8mb4_unicode_ci NOT NULL,
  `country_name` varchar(191) COLLATE utf8mb4_unicode_ci DEFAULT NULL,
  `code` varchar(191) COLLATE utf8mb4_unicode_ci NOT NULL,
  `rate` double NOT NULL,
  `symbol` varchar(191) COLLATE utf8mb4_unicode_ci DEFAULT NULL,
  `position` varchar(191) COLLATE utf8mb4_unicode_ci DEFAULT NULL,
  `status` tinyint(1) NOT NULL DEFAULT '1',
  `is_default` tinyint(1) NOT NULL DEFAULT '0',
  `created_at` timestamp NULL DEFAULT NULL,
  `updated_at` timestamp NULL DEFAULT NULL
) ENGINE=InnoDB DEFAULT CHARSET=utf8mb4 COLLATE=utf8mb4_unicode_ci;

--
-- Dumping data for table `currencies`
--

INSERT INTO `currencies` (`id`, `name`, `country_name`, `code`, `rate`, `symbol`, `position`, `status`, `is_default`, `created_at`, `updated_at`) VALUES
(1, 'US Dollar', 'Afghanistan', 'USD', 1, '$', 'left', 0, 0, '2022-08-07 16:04:59', '2022-11-03 10:25:56'),
(2, 'Euro', 'Afghanistan', 'EUR', 1, '', 'left', 0, 0, '2022-08-07 16:04:59', '2022-11-03 10:25:48'),
(4, 'Indian Rupee', 'India', 'INR', 1, '', 'left', 0, 0, '2022-08-07 16:04:59', '2022-11-03 10:26:05'),
(5, 'Nigerian Naira', 'Nigeria', 'NGN', 1, '', 'left', 1, 1, '2022-08-07 16:04:59', '2022-11-03 09:53:59'),
(6, 'Malaysian Ringgit', 'Malaysia', 'MYR', 1, 'RM', 'left', 0, 0, '2022-08-07 16:04:59', '2022-11-03 10:26:19'),
(7, 'Omani rial', 'Afghanistan', 'OMR', 1, '..', 'right', 0, 0, '2022-08-07 16:04:59', '2022-11-03 10:26:30');

-- --------------------------------------------------------

--
-- Table structure for table `deposits`
--

CREATE TABLE `deposits` (
  `id` bigint(20) UNSIGNED NOT NULL,
  `user_id` bigint(20) UNSIGNED NOT NULL,
  `gateway_id` bigint(20) UNSIGNED NOT NULL,
  `currency_id` bigint(20) UNSIGNED NOT NULL,
  `trx` varchar(191) COLLATE utf8mb4_unicode_ci DEFAULT NULL,
  `amount` double DEFAULT NULL,
  `total_amount` double DEFAULT NULL,
  `status` int(11) DEFAULT NULL,
  `payment_status` int(11) DEFAULT NULL,
  `charge` double DEFAULT NULL,
  `rate` double DEFAULT NULL,
  `meta` json DEFAULT NULL,
  `created_at` timestamp NULL DEFAULT NULL,
  `updated_at` timestamp NULL DEFAULT NULL
) ENGINE=InnoDB DEFAULT CHARSET=utf8mb4 COLLATE=utf8mb4_unicode_ci;

--
-- Dumping data for table `deposits`
--

INSERT INTO `deposits` (`id`, `user_id`, `gateway_id`, `currency_id`, `trx`, `amount`, `total_amount`, `status`, `payment_status`, `charge`, `rate`, `meta`, `created_at`, `updated_at`) VALUES
(1, 5, 8, 5, '3918053', 50, 0, 1, 1, 0, 1, NULL, '2022-11-03 10:31:24', '2022-11-03 10:31:24'),
(2, 6, 8, 5, '3921435', 300, 0, 1, 1, 0, 1, NULL, '2022-11-04 14:43:27', '2022-11-04 14:43:27'),
(3, 3, 8, 5, '3921770', 1000, 0, 1, 1, 0, 1, NULL, '2022-11-04 18:08:39', '2022-11-04 18:08:39'),
(4, 7, 8, 5, '3921785', 100, 0, 1, 1, 0, 1, NULL, '2022-11-04 18:41:18', '2022-11-04 18:41:18'),
(5, 3, 8, 5, '3922312', 1000, 0, 1, 1, 0, 1, NULL, '2022-11-05 01:46:48', '2022-11-05 01:46:48'),
(6, 7, 8, 5, '3923101', 200, 0, 1, 1, 0, 1, NULL, '2022-11-05 09:10:35', '2022-11-05 09:10:35'),
(7, 7, 8, 5, '3923481', 500, 0, 1, 1, 0, 1, NULL, '2022-11-05 13:13:30', '2022-11-05 13:13:30'),
(8, 3, 8, 5, '4032022', 1000, 0, 1, 1, 0, 1, NULL, '2022-12-18 18:11:23', '2022-12-18 18:11:23'),
(9, 7, 8, 5, '4034864', 100, 0, 1, 1, 0, 1, NULL, '2022-12-20 03:15:37', '2022-12-20 03:15:37'),
(10, 12, 8, 5, '4086934', 1000, 0, 1, 1, 0, 1, NULL, '2023-01-12 17:34:02', '2023-01-12 17:34:02');

-- --------------------------------------------------------

--
-- Table structure for table `donationorders`
--

CREATE TABLE `donationorders` (
  `id` bigint(20) UNSIGNED NOT NULL,
  `invoice_no` varchar(191) COLLATE utf8mb4_unicode_ci NOT NULL,
  `trx` varchar(191) COLLATE utf8mb4_unicode_ci DEFAULT NULL,
  `amount` double DEFAULT NULL,
  `charge` double DEFAULT NULL,
  `rate` double DEFAULT NULL,
  `is_anonymous` int(11) NOT NULL DEFAULT '0',
  `data` text COLLATE utf8mb4_unicode_ci,
  `status` int(11) NOT NULL DEFAULT '1',
  `name` varchar(191) COLLATE utf8mb4_unicode_ci DEFAULT NULL,
  `email` varchar(191) COLLATE utf8mb4_unicode_ci DEFAULT NULL,
  `donor_id` bigint(20) UNSIGNED DEFAULT NULL,
  `user_id` bigint(20) UNSIGNED NOT NULL,
  `gateway_id` bigint(20) UNSIGNED NOT NULL,
  `currency_id` bigint(20) UNSIGNED NOT NULL,
  `donation_id` bigint(20) UNSIGNED NOT NULL,
  `created_at` timestamp NULL DEFAULT NULL,
  `updated_at` timestamp NULL DEFAULT NULL
) ENGINE=InnoDB DEFAULT CHARSET=utf8mb4 COLLATE=utf8mb4_unicode_ci;

-- --------------------------------------------------------

--
-- Table structure for table `donations`
--

CREATE TABLE `donations` (
  `id` bigint(20) UNSIGNED NOT NULL,
  `uuid` char(36) COLLATE utf8mb4_unicode_ci NOT NULL,
  `user_id` bigint(20) UNSIGNED DEFAULT NULL,
  `currency_id` bigint(20) UNSIGNED DEFAULT NULL,
  `title` varchar(191) COLLATE utf8mb4_unicode_ci DEFAULT NULL,
  `amount` double DEFAULT NULL,
  `image` varchar(191) COLLATE utf8mb4_unicode_ci DEFAULT NULL,
  `description` text COLLATE utf8mb4_unicode_ci,
  `status` int(11) NOT NULL DEFAULT '1',
  `created_at` timestamp NULL DEFAULT NULL,
  `updated_at` timestamp NULL DEFAULT NULL
) ENGINE=InnoDB DEFAULT CHARSET=utf8mb4 COLLATE=utf8mb4_unicode_ci;

-- --------------------------------------------------------

--
-- Table structure for table `failed_jobs`
--

CREATE TABLE `failed_jobs` (
  `id` bigint(20) UNSIGNED NOT NULL,
  `uuid` varchar(191) COLLATE utf8mb4_unicode_ci NOT NULL,
  `connection` text COLLATE utf8mb4_unicode_ci NOT NULL,
  `queue` text COLLATE utf8mb4_unicode_ci NOT NULL,
  `payload` longtext COLLATE utf8mb4_unicode_ci NOT NULL,
  `exception` longtext COLLATE utf8mb4_unicode_ci NOT NULL,
  `failed_at` timestamp NOT NULL DEFAULT CURRENT_TIMESTAMP
) ENGINE=InnoDB DEFAULT CHARSET=utf8mb4 COLLATE=utf8mb4_unicode_ci;

-- --------------------------------------------------------

--
-- Table structure for table `gateways`
--

CREATE TABLE `gateways` (
  `id` bigint(20) UNSIGNED NOT NULL,
  `name` varchar(191) COLLATE utf8mb4_unicode_ci NOT NULL,
  `logo` varchar(191) COLLATE utf8mb4_unicode_ci DEFAULT NULL,
  `charge` double NOT NULL DEFAULT '0',
  `namespace` varchar(191) COLLATE utf8mb4_unicode_ci NOT NULL,
  `min_amount` double NOT NULL DEFAULT '1',
  `max_amount` double NOT NULL DEFAULT '1000',
  `is_auto` int(11) NOT NULL DEFAULT '0',
  `image_accept` int(11) DEFAULT NULL,
  `test_mode` int(11) NOT NULL DEFAULT '0',
  `status` int(11) NOT NULL DEFAULT '1',
  `phone_required` int(11) NOT NULL DEFAULT '0',
  `data` text COLLATE utf8mb4_unicode_ci NOT NULL,
  `currency_id` bigint(20) UNSIGNED NOT NULL,
  `created_at` timestamp NULL DEFAULT NULL,
  `updated_at` timestamp NULL DEFAULT NULL
) ENGINE=InnoDB DEFAULT CHARSET=utf8mb4 COLLATE=utf8mb4_unicode_ci;

--
-- Dumping data for table `gateways`
--

INSERT INTO `gateways` (`id`, `name`, `logo`, `charge`, `namespace`, `min_amount`, `max_amount`, `is_auto`, `image_accept`, `test_mode`, `status`, `phone_required`, `data`, `currency_id`, `created_at`, `updated_at`) VALUES
(1, 'paypal', '/uploads/payment-gateway/paypal.png', 2, 'App\\Lib\\Paypal', 1, 1000, 1, NULL, 1, 0, 0, '{\"client_id\":null,\"client_secret\":null}', 7, '2022-11-03 09:28:48', '2022-11-03 10:02:02'),
(2, 'stripe', '/uploads/payment-gateway/stripe.png', 2, 'App\\Lib\\Stripe', 1, 1000, 1, NULL, 1, 0, 0, '{\"publishable_key\":null,\"secret_key\":null}', 7, '2022-11-03 09:28:48', '2022-11-03 10:01:58'),
(3, 'mollie', '/uploads/payment-gateway/mollie.png', 2, 'App\\Lib\\Mollie', 1, 1000, 1, NULL, 1, 0, 0, '{\"api_key\":null}', 7, '2022-11-03 09:28:48', '2022-11-03 10:01:53'),
(4, 'paystack', '/uploads/payment-gateway/paystack.png', 0, 'App\\Lib\\Paystack', 1, 1000, 1, NULL, 1, 0, 0, '{\"public_key\":null,\"secret_key\":null}', 5, '2022-11-03 09:28:48', '2022-11-03 10:01:47'),
(5, 'razorpay', '/uploads/payment-gateway/rajorpay.png', 2, 'App\\Lib\\Razorpay', 1, 1000, 1, NULL, 1, 0, 0, '{\"key_id\":null,\"key_secret\":null}', 7, '2022-11-03 09:28:48', '2022-11-03 10:01:23'),
(6, 'instamojo', '/uploads/payment-gateway/instamojo.png', 2, 'App\\Lib\\Instamojo', 1, 1000, 1, NULL, 1, 0, 1, '{\"x_api_key\":null,\"x_auth_token\":null}', 7, '2022-11-03 09:28:48', '2022-11-03 10:01:18'),
(7, 'toyyibpay', '/uploads/payment-gateway/toyybipay.png', 2, 'App\\Lib\\Toyyibpay', 1, 1000, 1, NULL, 1, 0, 1, '{\"user_secret_key\":null,\"cateogry_code\":null}', 7, '2022-11-03 09:28:48', '2022-11-03 10:01:15'),
(8, 'flutterwave', '/uploads/payment-gateway/flutterwave.png', 0, 'App\\Lib\\Flutterwave', 1, 1000, 1, NULL, 1, 1, 0, '{\"public_key\":\"FLWPUBK_TEST-7433e9da70f52b9f441dbb9e0387b9f5-X\",\"secret_key\":\"FLWSECK_TEST-481cd8d2cd26ff3d23194cbb5f4a19d0-X\",\"encryption_key\":\"FLWSECK_TESTd9881708008f\",\"payment_options\":\"card\"}', 5, '2022-11-03 09:28:48', '2022-11-03 10:00:00'),
(9, 'payu', '/uploads/payment-gateway/payu.png', 2, 'App\\Lib\\Payu', 1, 1000, 1, NULL, 1, 0, 1, '{\"merchant_key\":null,\"merchant_salt\":null,\"auth_header\":null}', 7, '2022-11-03 09:28:48', '2022-11-03 10:01:10'),
(10, 'thawani', '/uploads/payment-gateway/uhawan.png', 1, 'App\\Lib\\Thawani', 1, 1000, 1, NULL, 1, 0, 1, '{\"secret_key\":null,\"publishable_key\":null}', 7, '2022-11-03 09:28:48', '2022-11-03 10:01:05'),
(11, 'mercadopago', '/uploads/payment-gateway/mercado-pago.png', 2, 'App\\Lib\\Mercado', 1, 1000, 1, NULL, 1, 0, 0, '{\"secret_key\":null,\"public_key\":null}', 7, '2022-11-03 09:28:48', '2022-11-03 10:01:00'),
(12, 'manual', '/uploads/payment-gateway/manual.png', 1, 'App\\Lib\\CustomGateway', 1, 1000, 0, NULL, 0, 0, 0, 'dsdf', 7, '2022-11-03 09:28:48', '2022-11-03 10:00:52'),
(13, 'From Wallet', '/uploads/payment-gateway/mycredit.png', 0, 'App\\Lib\\Credit', 1, 1000, 1, NULL, 0, 0, 0, '', 7, '2022-11-03 09:28:48', '2022-11-03 10:00:43');

-- --------------------------------------------------------

--
-- Table structure for table `internetbundles`
--

CREATE TABLE `internetbundles` (
  `id` int(10) UNSIGNED NOT NULL,
  `name` varchar(44) DEFAULT NULL,
  `network` varchar(77) DEFAULT NULL,
  `networkcode` varchar(77) DEFAULT NULL,
  `code` text,
  `plan` varchar(22) DEFAULT NULL,
  `cost` varchar(22) DEFAULT NULL,
  `status` varchar(22) DEFAULT NULL,
  `deleted_at` text,
  `created_at` varchar(29) DEFAULT NULL,
  `updated_at` varchar(33) DEFAULT NULL,
  `image` varchar(55) DEFAULT NULL
) ENGINE=InnoDB DEFAULT CHARSET=latin1;

--
-- Dumping data for table `internetbundles`
--

INSERT INTO `internetbundles` (`id`, `name`, `network`, `networkcode`, `code`, `plan`, `cost`, `status`, `deleted_at`, `created_at`, `updated_at`, `image`) VALUES
(278, 'N100 100MB - 24 hrs', 'MTN', 'mtn', 'mtn-data', 'mtn-10mb-100', '100.00', '1', NULL, '2021-04-11 04:39:43', '2022-10-25 20:03:02', NULL),
(279, 'N200 200MB - 2 days', 'MTN', 'mtn', 'mtn-data', 'mtn-50mb-200', '200.00', '1', NULL, '2021-04-11 04:39:43', '2021-04-11 04:39:43', NULL),
(280, 'N1000 1.5GB - 30 days', 'MTN', 'mtn', 'mtn-data', 'mtn-100mb-1000', '1000.00', '1', NULL, '2021-04-11 04:39:43', '2021-04-11 04:39:43', NULL),
(281, 'N2000 4.5GB - 30 days', 'MTN', 'mtn', 'mtn-data', 'mtn-500mb-2000', '2000.00', '1', NULL, '2021-04-11 04:39:43', '2021-04-11 04:39:43', NULL),
(282, 'N1500 6GB - 7 days', 'MTN', 'mtn', 'mtn-data', 'mtn-20hrs-1500', '1500.00', '1', NULL, '2021-04-11 04:39:43', '2021-04-11 04:39:43', NULL),
(283, 'N2500 6GB - 30 days', 'MTN', 'mtn', 'mtn-data', 'mtn-3gb-2500', '2500.00', '1', NULL, '2021-04-11 04:39:43', '2021-04-11 04:39:43', NULL),
(284, 'N3000 8GB - 30 days', 'MTN', 'mtn', 'mtn-data', 'mtn-data-3000', '3000.00', '1', NULL, '2021-04-11 04:39:43', '2021-04-11 04:39:43', NULL),
(285, 'N3500 10GB - 30 days', 'MTN', 'mtn', 'mtn-data', 'mtn-1gb-3500', '3500.00', '1', NULL, '2021-04-11 04:39:43', '2021-04-11 04:39:43', NULL),
(286, 'N5000 15GB - 30 days', 'MTN', 'mtn', 'mtn-data', 'mtn-100hr-5000', '5000.00', '1', NULL, '2021-04-11 04:39:43', '2021-04-11 04:39:43', NULL),
(287, 'N6000 20GB - 30 days', 'MTN', 'mtn', 'mtn-data', 'mtn-3gb-6000', '6000.00', '1', NULL, '2021-04-11 04:39:43', '2021-04-11 04:39:43', NULL),
(288, 'N10000 40GB - 30 days', 'MTN', 'mtn', 'mtn-data', 'mtn-40gb-10000', '10000.00', '1', NULL, '2021-04-11 04:39:43', '2021-04-11 04:39:43', NULL),
(289, 'N15000 75GB - 30 days', 'MTN', 'mtn', 'mtn-data', 'mtn-75gb-15000', '15000.00', '1', NULL, '2021-04-11 04:39:43', '2021-04-11 04:39:43', NULL),
(290, 'N20000 110GB - 30 days', 'MTN', 'mtn', 'mtn-data', 'mtn-110gb-20000', '20000.00', '1', NULL, '2021-04-11 04:39:43', '2021-04-11 04:39:43', NULL),
(291, 'N1500 3GB - 30 days', 'MTN', 'mtn', 'mtn-data', 'mtn-3gb-1500', '1500.00', '1', NULL, '2021-04-11 04:39:43', '2021-04-11 04:39:43', NULL),
(292, 'Glo Data N100 -  105MB - 2 day', 'Globacom', 'glo', 'glo-data', 'glo100', '100.00', '1', NULL, '2021-04-11 04:39:44', '2021-04-11 04:39:44', NULL),
(293, 'Glo Data N200 -  350MB - 4 days', 'Globacom', 'glo', 'glo-data', 'glo200', '200.00', '1', NULL, '2021-04-11 04:39:44', '2021-04-11 04:39:44', NULL),
(294, 'Glo Data N500 -  1.05GB - 14 days', 'Globacom', 'glo', 'glo-data', 'glo500', '500.00', '1', NULL, '2021-04-11 04:39:44', '2021-04-11 04:39:44', NULL),
(295, 'Glo Data N1000 -  2.5GB - 30 days', 'Globacom', 'glo', 'glo-data', 'glo1000', '1000.00', '1', NULL, '2021-04-11 04:39:44', '2021-04-11 04:39:44', NULL),
(296, 'Glo Data N2000 -  5.8GB - 30 days', 'Globacom', 'glo', 'glo-data', 'glo2000', '2000.00', '1', NULL, '2021-04-11 04:39:44', '2021-04-11 04:39:44', NULL),
(297, 'Glo Data N2500 -  7.7GB - 30 days', 'Globacom', 'glo', 'glo-data', 'glo2500', '2500.00', '1', NULL, '2021-04-11 04:39:44', '2021-04-11 04:39:44', NULL),
(298, 'Glo Data N3000 -  10GB - 30 days', 'Globacom', 'glo', 'glo-data', 'glo3000', '3000.00', '1', NULL, '2021-04-11 04:39:44', '2021-04-11 04:39:44', NULL),
(299, 'Glo Data N4000 -  13.25GB - 30 days', 'Globacom', 'glo', 'glo-data', 'glo4000', '4000.00', '1', NULL, '2021-04-11 04:39:44', '2021-04-11 04:39:44', NULL),
(300, 'Glo Data N5000 -  18.25GB - 30 days', 'Globacom', 'glo', 'glo-data', 'glo5000', '5000.00', '1', NULL, '2021-04-11 04:39:44', '2021-04-11 04:39:44', NULL),
(301, 'Glo Data N8000 -  29.5GB - 30 days', 'Globacom', 'glo', 'glo-data', 'glo8000', '8000.00', '1', NULL, '2021-04-11 04:39:44', '2021-04-11 04:39:44', NULL),
(302, 'Glo Data N10000 -  50GB - 30 days', 'Globacom', 'glo', 'glo-data', 'glo10000', '10000.00', '1', NULL, '2021-04-11 04:39:44', '2021-04-11 04:39:44', NULL),
(303, 'Glo Data N15000 -  93GB - 30 days', 'Globacom', 'glo', 'glo-data', 'glo15000', '15000.00', '1', NULL, '2021-04-11 04:39:44', '2021-04-11 04:39:44', NULL),
(304, 'Glo Data N18000 -  119GB - 30 days', 'Globacom', 'glo', 'glo-data', 'glo18000', '18000.00', '1', NULL, '2021-04-11 04:39:44', '2021-04-11 04:39:44', NULL),
(305, 'Glo Data N1500 -  4.1GB - 30 days', 'Globacom', 'glo', 'glo-data', 'glo1500', '1500.00', '1', NULL, '2021-04-11 04:39:44', '2021-04-11 04:39:44', NULL),
(306, 'Glo Data N20000 -  138GB - 30 days', 'Globacom', 'glo', 'glo-data', 'glo20000', '20000.00', '1', NULL, '2021-04-11 04:39:44', '2021-04-11 04:39:44', NULL),
(307, '9mobile Data - 100 Naira - 100MB - 1 day', '9mobile', '9mobile', 'etisalat-data', 'eti-100', '100.00', '1', NULL, '2021-04-11 04:39:45', '2021-04-11 04:39:45', NULL),
(308, '9mobile Data - 200 Naira - 650MB - 1 day', '9mobile', '9mobile', 'etisalat-data', 'eti-200', '200.00', '1', NULL, '2021-04-11 04:39:45', '2021-04-11 04:39:45', NULL),
(309, '9mobile Data - 500 Naira - 500MB - 30 Days', '9mobile', '9mobile', 'etisalat-data', 'eti-500', '500.00', '1', NULL, '2021-04-11 04:39:45', '2021-04-11 04:39:45', NULL),
(310, '9mobile Data - 1000 Naira - 1.5GB - 30 days', '9mobile', '9mobile', 'etisalat-data', 'eti-1000', '1000.00', '1', NULL, '2021-04-11 04:39:45', '2021-04-11 04:39:45', NULL),
(311, '9mobile Data - 2000 Naira - 4.5GB Data - 30 ', '9mobile', '9mobile', 'etisalat-data', 'eti-2000', '2000.00', '1', NULL, '2021-04-11 04:39:45', '2021-04-11 04:39:45', NULL),
(312, '9mobile Data - 5000 Naira - 15GB Data - 30 D', '9mobile', '9mobile', 'etisalat-data', 'eti-5000', '5000.00', '1', NULL, '2021-04-11 04:39:45', '2021-04-11 04:39:45', NULL),
(313, '9mobile Data - 10000 Naira - 40GB - 30 days', '9mobile', '9mobile', 'etisalat-data', 'eti-10000', '10000.00', '1', NULL, '2021-04-11 04:39:45', '2021-04-11 04:39:45', NULL),
(314, '9mobile Data - 15000 Naira - 75GB - 30 Days', '9mobile', '9mobile', 'etisalat-data', 'eti-15000', '15000.00', '1', NULL, '2021-04-11 04:39:45', '2021-04-11 04:39:45', NULL),
(315, '9mobile Data - 27,500 Naira - 30GB - 90 days', '9mobile', '9mobile', 'etisalat-data', 'eti-27500', '27500.00', '1', NULL, '2021-04-11 04:39:45', '2021-04-11 04:39:45', NULL),
(316, '9mobile Data - 55,000 Naira - 60GB - 180 day', '9mobile', '9mobile', 'etisalat-data', 'eti-55000', '55000.00', '1', NULL, '2021-04-11 04:39:45', '2021-04-11 04:39:45', NULL),
(317, '9mobile Data - 110,000 Naira - 120GB - 365 d', '9mobile', '9mobile', 'etisalat-data', 'eti-110000', '110000.00', '1', NULL, '2021-04-11 04:39:45', '2021-04-11 04:39:45', NULL),
(318, 'Airtel Data Bundle - 50 Naira - 25MB  - 1Day', 'Airtel', 'airtel', 'airtel-data', 'airt-50', '49.99', '1', NULL, '2021-04-11 04:39:45', '2022-10-25 20:03:52', NULL),
(319, 'Airtel Data Bundle - 100 Naira - 75MB - 1Day', 'Airtel', 'airtel', 'airtel-data', 'airt-100', '99.00', '1', NULL, '2021-04-11 04:39:45', '2021-04-11 04:39:45', NULL),
(320, 'Airtel Data Bundle - 200 Naira - 200MB - 3Da', 'Airtel', 'airtel', 'airtel-data', 'airt-200', '199.03', '1', NULL, '2021-04-11 04:39:45', '2021-04-11 04:39:45', NULL),
(321, 'Airtel Data Bundle - 300 Naira - 350MB - 7 D', 'Airtel', 'airtel', 'airtel-data', 'airt-300', '299.02', '1', NULL, '2021-04-11 04:39:45', '2021-04-11 04:39:45', NULL),
(322, 'Airtel Data Bundle - 500 Naira - 750MB - 14 ', 'Airtel', 'airtel', 'airtel-data', 'airt-500', '499.00', '1', NULL, '2021-04-11 04:39:45', '2021-04-11 04:39:45', NULL),
(323, 'Airtel Data Bundle - 1,000 Naira - 1.5GB - 3', 'Airtel', 'airtel', 'airtel-data', 'airt-1000', '999.00', '1', NULL, '2021-04-11 04:39:45', '2021-04-11 04:39:45', NULL),
(324, 'Airtel Data Bundle - 1,500 Naira - 3GB - 30 ', 'Airtel', 'airtel', 'airtel-data', 'airt-1500', '1499.01', '1', NULL, '2021-04-11 04:39:45', '2021-04-11 04:39:45', NULL),
(325, 'Airtel Data Bundle - 2,000 Naira - 4.5GB - 3', 'Airtel', 'airtel', 'airtel-data', 'airt-2000', '1999.00', '1', NULL, '2021-04-11 04:39:45', '2021-04-11 04:39:45', NULL),
(326, 'Airtel Data Bundle - 3,000 Naira - 8GB - 30 ', 'Airtel', 'airtel', 'airtel-data', 'airt-3000', '2999.02', '1', NULL, '2021-04-11 04:39:45', '2021-04-11 04:39:45', NULL),
(327, 'Airtel Data Bundle - 4,000 Naira - 11GB - 30', 'Airtel', 'airtel', 'airtel-data', 'airt-4000', '3999.01', '1', NULL, '2021-04-11 04:39:45', '2021-04-11 04:39:45', NULL),
(328, 'Airtel Data Bundle - 5,000 Naira - 15GB - 30', 'Airtel', 'airtel', 'airtel-data', 'airt-5000', '4999.00', '1', NULL, '2021-04-11 04:39:45', '2021-04-11 04:39:45', NULL),
(329, 'Airtel Binge Data - 1,500 Naira (7 Days) - 6', 'Airtel', 'airtel', 'airtel-data', 'airt-1500-2', '1499.03', '1', NULL, '2021-04-11 04:39:45', '2021-04-11 04:39:45', NULL),
(330, 'Airtel Data Bundle - 10,000 Naira - 40GB - 3', 'Airtel', 'airtel', 'airtel-data', 'airt-10000', '9999.00', '1', NULL, '2021-04-11 04:39:45', '2021-04-11 04:39:45', NULL),
(331, 'Airtel Data Bundle - 15,000 Naira - 75GB - 3', 'Airtel', 'airtel', 'airtel-data', 'airt-15000', '14999.00', '1', NULL, '2021-04-11 04:39:45', '2021-04-11 04:39:45', NULL),
(332, 'Airtel Data Bundle - 20,000 Naira - 110GB - ', 'Airtel', 'airtel', 'airtel-data', 'airt-20000', '19999.02', '1', NULL, '2021-04-11 04:39:45', '2021-04-11 04:39:45', NULL),
(333, 'SmileVoice ONLY 65 for 30days - 510 Naira', 'Smile', 'smile', 'smile-direct', '516', '510.00', '1', NULL, '2021-04-11 04:39:46', '2021-04-11 04:39:46', NULL),
(334, '2GB MidNite for 7days - 1,020 Naira', 'Smile', 'smile', 'smile-direct', '413', '1020.00', '1', NULL, '2021-04-11 04:39:46', '2021-04-11 04:39:46', NULL),
(335, 'SmileVoice ONLY 135 for 30days - 1,020 Naira', 'Smile', 'smile', 'smile-direct', '517', '1020.00', '1', NULL, '2021-04-11 04:39:46', '2021-04-11 04:39:46', NULL),
(336, '3GB MidNite for 7days - 1,530 Naira', 'Smile', 'smile', 'smile-direct', '414', '1530.00', '1', NULL, '2021-04-11 04:39:46', '2021-04-11 04:39:46', NULL),
(337, '3GB Weekend ONLY for 3days - 1,530 Naira', 'Smile', 'smile', 'smile-direct', '415', '1530.00', '1', NULL, '2021-04-11 04:39:46', '2021-04-11 04:39:46', NULL),
(338, 'SmileVoice ONLY 430 for 30days - 3,070 Naira', 'Smile', 'smile', 'smile-direct', '518', '3070.00', '1', NULL, '2021-04-11 04:39:46', '2021-04-11 04:39:46', NULL),
(339, 'Buy Airtime', 'Smile', 'smile', 'smile-direct', 'airtime', '0.00', '1', NULL, '2021-04-11 04:39:46', '2021-04-11 04:39:46', NULL),
(340, 'UnlimitedPlatinum for 30days - 24,000 Naira', 'Smile', 'smile', 'smile-direct', '583', '24000.00', '1', NULL, '2021-04-11 04:39:46', '2021-04-11 04:39:46', NULL),
(341, ' 1GB Flexi for 1days - 300 Naira', 'Smile', 'smile', 'smile-direct', '624', '300.00', '1', NULL, '2021-04-11 04:39:46', '2021-04-11 04:39:46', NULL),
(342, ' 2.5GB Flexi for 2days - 500 Naira', 'Smile', 'smile', 'smile-direct', '625', '500.00', '1', NULL, '2021-04-11 04:39:46', '2021-04-11 04:39:46', NULL),
(343, '1GB Flexi-Weekly for 7days - 500 Naira', 'Smile', 'smile', 'smile-direct', '626', '500.00', '1', NULL, '2021-04-11 04:39:46', '2021-04-11 04:39:46', NULL),
(344, '1.5GB Bigga for 30days - 1,000 Naira', 'Smile', 'smile', 'smile-direct', '606', '1000.00', '1', NULL, '2021-04-11 04:39:46', '2021-04-11 04:39:46', NULL),
(345, ' 2GB Flexi-Weekly  for 7days - 1,000 Naira', 'Smile', 'smile', 'smile-direct', '627', '1000.00', '1', NULL, '2021-04-11 04:39:46', '2021-04-11 04:39:46', NULL),
(346, '2GB Bigga for 30days - 1,200 Naira', 'Smile', 'smile', 'smile-direct', '607', '1200.00', '1', NULL, '2021-04-11 04:39:46', '2021-04-11 04:39:46', NULL),
(347, '3GB Bigga for 30days - 1,500 Naira', 'Smile', 'smile', 'smile-direct', '608', '1500.00', '1', NULL, '2021-04-11 04:39:46', '2021-04-11 04:39:46', NULL),
(348, ' 6GB Flexi-Weekly  for 7days - 1,500 Naira', 'Smile', 'smile', 'smile-direct', '628', '1500.00', '1', NULL, '2021-04-11 04:39:46', '2021-04-11 04:39:46', NULL),
(349, '5GB Bigga for 30days - 2,000 Naira', 'Smile', 'smile', 'smile-direct', '620', '2000.00', '1', NULL, '2021-04-11 04:39:46', '2021-04-11 04:39:46', NULL),
(350, '6.5GB Bigga for 30days - 2,500 Naira', 'Smile', 'smile', 'smile-direct', '609', '2500.00', '1', NULL, '2021-04-11 04:39:46', '2021-04-11 04:39:46', NULL),
(351, '8GB Bigga for 30days - 3,000 Naira', 'Smile', 'smile', 'smile-direct', '610', '3000.00', '1', NULL, '2021-04-11 04:39:46', '2021-04-11 04:39:46', NULL),
(352, '10GB Bigga for 30days - 3,500 Naira', 'Smile', 'smile', 'smile-direct', '611', '3500.00', '1', NULL, '2021-04-11 04:39:46', '2021-04-11 04:39:46', NULL),
(353, '12GB Bigga for 30days - 4,000 Naira', 'Smile', 'smile', 'smile-direct', '612', '4000.00', '1', NULL, '2021-04-11 04:39:46', '2021-04-11 04:39:46', NULL),
(354, '15GB Bigga for 30days - 5,000 Naira', 'Smile', 'smile', 'smile-direct', '613', '5000.00', '1', NULL, '2021-04-11 04:39:46', '2021-04-11 04:39:46', NULL),
(355, '20GB Bigga for 30days - 6,000 Naira', 'Smile', 'smile', 'smile-direct', '614', '6000.00', '1', NULL, '2021-04-11 04:39:46', '2021-04-11 04:39:46', NULL),
(356, '15GB-Anytime for 365days - 8,000 Naira', 'Smile', 'smile', 'smile-direct', '601', '8000.00', '1', NULL, '2021-04-11 04:39:46', '2021-04-11 04:39:46', NULL),
(357, '30GB Bigga for 30days - 8,000 Naira', 'Smile', 'smile', 'smile-direct', '615', '8000.00', '1', NULL, '2021-04-11 04:39:46', '2021-04-11 04:39:46', NULL),
(358, '40GB Bigga for 30days - 10,000 Naira', 'Smile', 'smile', 'smile-direct', '616', '10000.00', '1', NULL, '2021-04-11 04:39:46', '2021-04-11 04:39:46', NULL),
(359, 'Unlimited-Lite for 30days - 10,000 Naira', 'Smile', 'smile', 'smile-direct', '629', '10000.00', '1', NULL, '2021-04-11 04:39:46', '2021-04-11 04:39:46', NULL),
(360, '60GB Bigga for 30days - 13,500 Naira', 'Smile', 'smile', 'smile-direct', '617', '13500.00', '1', NULL, '2021-04-11 04:39:46', '2021-04-11 04:39:46', NULL),
(361, '75GB Bigga for 30days - 15,000 Naira', 'Smile', 'smile', 'smile-direct', '618', '15000.00', '1', NULL, '2021-04-11 04:39:46', '2021-04-11 04:39:46', NULL),
(362, ' 50GB Bumpa-Value  for 60days - 15,000 Naira', 'Smile', 'smile', 'smile-direct', '621', '15000.00', '1', NULL, '2021-04-11 04:39:46', '2021-04-11 04:39:46', NULL),
(363, 'Unlimited-Essential for 30days - 15,000 Nair', 'Smile', 'smile', 'smile-direct', '630', '15000.00', '1', NULL, '2021-04-11 04:39:46', '2021-04-11 04:39:46', NULL),
(364, ' 35GB-Anytime  for 365days - 16,000 Naira', 'Smile', 'smile', 'smile-direct', '602', '16000.00', '1', NULL, '2021-04-11 04:39:46', '2021-04-11 04:39:46', NULL),
(365, '100GB Bigga for 30days - 18,000 Naira', 'Smile', 'smile', 'smile-direct', '619', '18000.00', '1', NULL, '2021-04-11 04:39:46', '2021-04-11 04:39:46', NULL),
(366, 'UnlimitedPremium for 30days - 20,000 Naira', 'Smile', 'smile', 'smile-direct', '655', '20000.00', '1', NULL, '2021-04-11 04:39:46', '2021-04-11 04:39:46', NULL),
(367, ' 80GB Bumpa-Value  for 90days - 30,000 Naira', 'Smile', 'smile', 'smile-direct', '622', '30000.00', '1', NULL, '2021-04-11 04:39:46', '2021-04-11 04:39:46', NULL),
(368, ' 90GB-Anytime   for 365days - 36,000 Naira', 'Smile', 'smile', 'smile-direct', '603', '36000.00', '1', NULL, '2021-04-11 04:39:46', '2021-04-11 04:39:46', NULL),
(369, ' 100GB Bumpa-Value  for 120days - 40,000 Nai', 'Smile', 'smile', 'smile-direct', '623', '40000.00', '1', NULL, '2021-04-11 04:39:46', '2021-04-11 04:39:46', NULL),
(370, ' 200GB-Anytime   for 365days - 70,000 Naira', 'Smile', 'smile', 'smile-direct', '604', '70000.00', '1', NULL, '2021-04-11 04:39:46', '2021-04-11 04:39:46', NULL),
(371, ' 400GB-Anytime  for 365days - 120,000 Naira', 'Smile', 'smile', 'smile-direct', '605', '120000.00', '1', NULL, '2021-04-11 04:39:46', '2021-04-11 04:39:46', NULL);

-- --------------------------------------------------------

--
-- Table structure for table `invoices`
--

CREATE TABLE `invoices` (
  `id` bigint(20) UNSIGNED NOT NULL,
  `uuid` char(36) COLLATE utf8mb4_unicode_ci NOT NULL,
  `invoice_no` varchar(191) COLLATE utf8mb4_unicode_ci DEFAULT NULL,
  `trx` varchar(191) COLLATE utf8mb4_unicode_ci DEFAULT NULL,
  `charge` double DEFAULT NULL,
  `rate` double DEFAULT NULL,
  `tax` double DEFAULT NULL,
  `discount` double DEFAULT NULL,
  `total` double DEFAULT NULL,
  `customer_email` varchar(191) COLLATE utf8mb4_unicode_ci DEFAULT NULL,
  `due_date` date DEFAULT NULL,
  `note` text COLLATE utf8mb4_unicode_ci,
  `paid_at` timestamp NULL DEFAULT NULL,
  `is_paid` tinyint(1) NOT NULL DEFAULT '0',
  `is_sent` tinyint(1) NOT NULL DEFAULT '0',
  `name` varchar(191) COLLATE utf8mb4_unicode_ci DEFAULT NULL,
  `email` varchar(191) COLLATE utf8mb4_unicode_ci DEFAULT NULL,
  `owner_id` bigint(20) UNSIGNED DEFAULT NULL,
  `currency_id` bigint(20) UNSIGNED DEFAULT NULL,
  `created_at` timestamp NULL DEFAULT NULL,
  `updated_at` timestamp NULL DEFAULT NULL
) ENGINE=InnoDB DEFAULT CHARSET=utf8mb4 COLLATE=utf8mb4_unicode_ci;

--
-- Dumping data for table `invoices`
--

INSERT INTO `invoices` (`id`, `uuid`, `invoice_no`, `trx`, `charge`, `rate`, `tax`, `discount`, `total`, `customer_email`, `due_date`, `note`, `paid_at`, `is_paid`, `is_sent`, `name`, `email`, `owner_id`, `currency_id`, `created_at`, `updated_at`) VALUES
(1, '94a01ada-472c-4ce3-8948-353c46dc18b5', '656546', NULL, NULL, NULL, NULL, 1, 990, 'morrisrobert716@gmail.com', '2022-11-12', 'dssfssf', NULL, 0, 0, NULL, NULL, 7, 5, '2022-11-05 11:50:28', '2022-11-05 11:50:28'),
(2, 'f6c46938-b658-42d1-a475-6ba9d79ee136', 'n', NULL, NULL, NULL, NULL, NULL, 9, 'j@f.c', '2022-12-07', NULL, NULL, 0, 0, NULL, NULL, 8, 5, '2022-12-07 10:18:28', '2022-12-07 10:18:28'),
(3, '55ff37f3-b49b-4269-92ee-dc0aba40f452', '656546334', '16715350472', 7.92, 1, NULL, 1, 396, 'swagtohbad@gmail.com', '2022-12-19', 'ddede', '2022-12-20 08:17:27', 1, 0, 'Crystel Turner', 'swagtohbad@gmail.com', 3, 5, '2022-12-19 20:47:21', '2022-12-20 08:17:27'),
(4, '14eeef3a-64fd-4990-a8ed-bbd0662e8544', '656546323', NULL, NULL, NULL, NULL, 1, 1209.78, 'morrisrobert716@gmail.com', '2022-12-20', 'vvwev', NULL, 0, 0, NULL, NULL, 7, 5, '2022-12-20 06:52:55', '2022-12-20 06:52:55'),
(5, 'a2e07428-c785-4489-9ce9-4e1f03973491', '560933', NULL, NULL, NULL, 0.5, 1, 9949.5, 'yusufsalisudaddy@gmail.com', '2022-12-20', 'home', NULL, 0, 0, NULL, NULL, 9, 5, '2022-12-20 10:09:35', '2022-12-20 10:09:35'),
(6, '98a00396-a1af-4023-89c1-e5b1ea989014', '2671', NULL, NULL, NULL, 750, 1500, -1190000, 'obasanas99@gmail.com', '2023-01-12', 'Thank you', NULL, 0, 0, NULL, NULL, 12, 5, '2023-01-12 17:23:20', '2023-01-12 17:23:20');

-- --------------------------------------------------------

--
-- Table structure for table `invoice_items`
--

CREATE TABLE `invoice_items` (
  `id` bigint(20) UNSIGNED NOT NULL,
  `invoice_id` bigint(20) UNSIGNED NOT NULL,
  `name` varchar(191) COLLATE utf8mb4_unicode_ci NOT NULL,
  `amount` double NOT NULL,
  `quantity` int(11) NOT NULL DEFAULT '1',
  `subtotal` double DEFAULT NULL,
  `created_at` timestamp NULL DEFAULT NULL,
  `updated_at` timestamp NULL DEFAULT NULL
) ENGINE=InnoDB DEFAULT CHARSET=utf8mb4 COLLATE=utf8mb4_unicode_ci;

--
-- Dumping data for table `invoice_items`
--

INSERT INTO `invoice_items` (`id`, `invoice_id`, `name`, `amount`, `quantity`, `subtotal`, `created_at`, `updated_at`) VALUES
(1, 1, 'uyuyu', 1000, 1, 1000, '2022-11-05 11:50:28', '2022-11-05 11:50:28'),
(2, 2, 'kj', 9, 1, 9, '2022-12-07 10:18:28', '2022-12-07 10:18:28'),
(3, 3, 'uyuyu', 400, 1, 400, '2022-12-19 20:47:21', '2022-12-19 20:47:21'),
(4, 4, 'uyuyuccd', 1222, 1, 1222, '2022-12-20 06:52:55', '2022-12-20 06:52:55'),
(5, 5, 'AM09439', 5000, 2, 10000, '2022-12-20 10:09:35', '2022-12-20 10:09:35'),
(6, 6, 'Bag', 10000, 1, 10000, '2023-01-12 17:23:20', '2023-01-12 17:23:20');

-- --------------------------------------------------------

--
-- Table structure for table `jobs`
--

CREATE TABLE `jobs` (
  `id` bigint(20) UNSIGNED NOT NULL,
  `queue` varchar(191) COLLATE utf8mb4_unicode_ci NOT NULL,
  `payload` longtext COLLATE utf8mb4_unicode_ci NOT NULL,
  `attempts` tinyint(3) UNSIGNED NOT NULL,
  `reserved_at` int(10) UNSIGNED DEFAULT NULL,
  `available_at` int(10) UNSIGNED NOT NULL,
  `created_at` int(10) UNSIGNED NOT NULL
) ENGINE=InnoDB DEFAULT CHARSET=utf8mb4 COLLATE=utf8mb4_unicode_ci;

--
-- Dumping data for table `jobs`
--

INSERT INTO `jobs` (`id`, `queue`, `payload`, `attempts`, `reserved_at`, `available_at`, `created_at`) VALUES
(1, 'default', '{\"uuid\":\"88f8d1f9-1f47-4377-b30f-ae991c0a24a7\",\"displayName\":\"App\\\\Mail\\\\SendPromotionalMail\",\"job\":\"Illuminate\\\\Queue\\\\CallQueuedHandler@call\",\"maxTries\":null,\"maxExceptions\":null,\"failOnTimeout\":false,\"backoff\":null,\"timeout\":null,\"retryUntil\":null,\"data\":{\"commandName\":\"Illuminate\\\\Mail\\\\SendQueuedMailable\",\"command\":\"O:34:\\\"Illuminate\\\\Mail\\\\SendQueuedMailable\\\":13:{s:8:\\\"mailable\\\";O:28:\\\"App\\\\Mail\\\\SendPromotionalMail\\\":4:{s:33:\\\"\\u0000App\\\\Mail\\\\SendPromotionalMail\\u0000sub\\\";s:5:\\\"Hello\\\";s:37:\\\"\\u0000App\\\\Mail\\\\SendPromotionalMail\\u0000message\\\";s:17:\\\"<p>ewefwfefwe<\\/p>\\\";s:2:\\\"to\\\";a:2:{i:0;a:2:{s:4:\\\"name\\\";N;s:7:\\\"address\\\";s:20:\\\"swagtohbad@gmail.com\\\";}i:1;a:2:{s:4:\\\"name\\\";N;s:7:\\\"address\\\";s:13:\\\"test@test.com\\\";}}s:6:\\\"mailer\\\";s:4:\\\"smtp\\\";}s:5:\\\"tries\\\";N;s:7:\\\"timeout\\\";N;s:17:\\\"shouldBeEncrypted\\\";b:0;s:10:\\\"connection\\\";N;s:5:\\\"queue\\\";N;s:15:\\\"chainConnection\\\";N;s:10:\\\"chainQueue\\\";N;s:19:\\\"chainCatchCallbacks\\\";N;s:5:\\\"delay\\\";N;s:11:\\\"afterCommit\\\";N;s:10:\\\"middleware\\\";a:0:{}s:7:\\\"chained\\\";a:0:{}}\"}}', 0, NULL, 1667481004, 1667481004);

-- --------------------------------------------------------

--
-- Table structure for table `kyc_methods`
--

CREATE TABLE `kyc_methods` (
  `id` bigint(20) UNSIGNED NOT NULL,
  `title` varchar(191) COLLATE utf8mb4_unicode_ci NOT NULL,
  `image` varchar(191) COLLATE utf8mb4_unicode_ci NOT NULL,
  `image_accept` tinyint(1) NOT NULL,
  `status` tinyint(4) NOT NULL,
  `fields` json DEFAULT NULL,
  `created_at` timestamp NULL DEFAULT NULL,
  `updated_at` timestamp NULL DEFAULT NULL
) ENGINE=InnoDB DEFAULT CHARSET=utf8mb4 COLLATE=utf8mb4_unicode_ci;

--
-- Dumping data for table `kyc_methods`
--

INSERT INTO `kyc_methods` (`id`, `title`, `image`, `image_accept`, `status`, `fields`, `created_at`, `updated_at`) VALUES
(1, 'ID Card', '/uploads/id-card.png', 1, 1, '[{\"type\": \"text\", \"label\": \"ID No\"}, {\"type\": \"file\", \"label\": \"Image\"}, {\"type\": \"text\", \"label\": \"Date Of Birth\"}]', '2022-11-03 09:28:49', '2022-11-03 09:28:49'),
(2, 'Driving License', '/uploads/id-card.png', 1, 1, '[{\"type\": \"text\", \"label\": \"ID No\"}, {\"type\": \"file\", \"label\": \"Image\"}]', '2022-11-03 09:28:49', '2022-11-03 09:28:49');

-- --------------------------------------------------------

--
-- Table structure for table `kyc_method_user`
--

CREATE TABLE `kyc_method_user` (
  `id` bigint(20) UNSIGNED NOT NULL,
  `kyc_method_id` bigint(20) UNSIGNED NOT NULL,
  `user_id` bigint(20) UNSIGNED NOT NULL,
  `kyc_request_id` bigint(20) UNSIGNED NOT NULL,
  `created_at` timestamp NULL DEFAULT NULL,
  `updated_at` timestamp NULL DEFAULT NULL
) ENGINE=InnoDB DEFAULT CHARSET=utf8mb4 COLLATE=utf8mb4_unicode_ci;

-- --------------------------------------------------------

--
-- Table structure for table `kyc_requests`
--

CREATE TABLE `kyc_requests` (
  `id` bigint(20) UNSIGNED NOT NULL,
  `user_id` bigint(20) UNSIGNED NOT NULL,
  `kyc_method_id` bigint(20) UNSIGNED NOT NULL,
  `status` int(11) NOT NULL DEFAULT '0' COMMENT '0 for pending, 1 for approved, 2 for rejected',
  `rejected_at` date DEFAULT NULL,
  `note` text COLLATE utf8mb4_unicode_ci,
  `comment` text COLLATE utf8mb4_unicode_ci,
  `data` json DEFAULT NULL,
  `fields` json DEFAULT NULL,
  `created_at` timestamp NULL DEFAULT NULL,
  `updated_at` timestamp NULL DEFAULT NULL
) ENGINE=InnoDB DEFAULT CHARSET=utf8mb4 COLLATE=utf8mb4_unicode_ci;

-- --------------------------------------------------------

--
-- Table structure for table `media`
--

CREATE TABLE `media` (
  `id` bigint(20) UNSIGNED NOT NULL,
  `url` varchar(191) COLLATE utf8mb4_unicode_ci NOT NULL,
  `driver` varchar(191) COLLATE utf8mb4_unicode_ci NOT NULL DEFAULT 'local',
  `files` text COLLATE utf8mb4_unicode_ci,
  `user_id` bigint(20) UNSIGNED DEFAULT NULL,
  `is_optimized` int(11) NOT NULL DEFAULT '0',
  `created_at` timestamp NULL DEFAULT NULL,
  `updated_at` timestamp NULL DEFAULT NULL
) ENGINE=InnoDB DEFAULT CHARSET=utf8mb4 COLLATE=utf8mb4_unicode_ci;

--
-- Dumping data for table `media`
--

INSERT INTO `media` (`id`, `url`, `driver`, `files`, `user_id`, `is_optimized`, `created_at`, `updated_at`) VALUES
(1, '/uploads/1/22/07/62e6814c04fd93107221659273548.png', 'local', '[\"/uploads\\/1\\/22\\/07\\/62e6814c04fd93107221659273548.png\",\"/uploads\\/1\\/22\\/07\\/62e6814c04fd93107221659273548small.png\"]', NULL, 0, '2022-11-03 09:28:49', '2022-11-03 09:28:49'),
(2, '/uploads/1/22/07/62e6814c3a57a3107221659273548.png', 'local', '[\"/uploads\\/1\\/22\\/07\\/62e6814c3a57a3107221659273548.png\",\"/uploads\\/1\\/22\\/07\\/62e6814c3a57a3107221659273548small.png\"]', NULL, 0, '2022-11-03 09:28:49', '2022-11-03 09:28:49'),
(3, '/uploads/1/22/07/62e6814c6a87d3107221659273548.png', 'local', '[\"/uploads\\/1\\/22\\/07\\/62e6814c6a87d3107221659273548.png\",\"/uploads\\/1\\/22\\/07\\/62e6814c6a87d3107221659273548small.png\"]', NULL, 0, '2022-11-03 09:28:49', '2022-11-03 09:28:49'),
(4, '/uploads/1/22/07/62e6814c8ed5f3107221659273548.png', 'local', '[\"/uploads\\/1\\/22\\/07\\/62e6814c8ed5f3107221659273548.png\",\"/uploads\\/1\\/22\\/07\\/62e6814c8ed5f3107221659273548small.png\"]', NULL, 0, '2022-11-03 09:28:49', '2022-11-03 09:28:49'),
(5, '/uploads/1/22/07/62e6814cae0483107221659273548.png', 'local', '[\"/uploads\\/1\\/22\\/07\\/62e6814cae0483107221659273548.png\",\"/uploads\\/1\\/22\\/07\\/62e6814cae0483107221659273548small.png\"]', NULL, 0, '2022-11-03 09:28:49', '2022-11-03 09:28:49'),
(6, '/uploads/1/22/07/62e6814cd37233107221659273548.png', 'local', '[\"/uploads\\/1\\/22\\/07\\/62e6814cd37233107221659273548.png\",\"/uploads\\/1\\/22\\/07\\/62e6814cd37233107221659273548small.png\"]', NULL, 0, '2022-11-03 09:28:49', '2022-11-03 09:28:49'),
(7, '/uploads/1/22/07/62e681584c3fa3107221659273560.png', 'local', '[\"/uploads\\/1\\/22\\/07\\/62e681584c3fa3107221659273560.png\",\"/uploads\\/1\\/22\\/07\\/62e681584c3fa3107221659273560small.png\"]', NULL, 0, '2022-11-03 09:28:49', '2022-11-03 09:28:49'),
(8, '/uploads/1/22/07/62e681586a77e3107221659273560.png', 'local', '[\"/uploads\\/1\\/22\\/07\\/62e681586a77e3107221659273560.png\",\"/uploads\\/1\\/22\\/07\\/62e681586a77e3107221659273560small.png\"]', NULL, 0, '2022-11-03 09:28:49', '2022-11-03 09:28:49'),
(9, '/uploads/1/22/07/62e68164ae22d3107221659273572.jpg', 'local', '[\"/uploads\\/1\\/22\\/07\\/62e68164ae22d3107221659273572.jpg\",\"/uploads\\/1\\/22\\/07\\/62e68164ae22d3107221659273572small.jpg\"]', NULL, 0, '2022-11-03 09:28:49', '2022-11-03 09:28:49'),
(10, '/uploads/1/22/07/62e6816541fb23107221659273573.jpg', 'local', '[\"/uploads\\/1\\/22\\/07\\/62e6816541fb23107221659273573.jpg\",\"/uploads\\/1\\/22\\/07\\/62e6816541fb23107221659273573small.jpg\"]', NULL, 0, '2022-11-03 09:28:49', '2022-11-03 09:28:49'),
(11, '/uploads/1/22/07/62e68165722793107221659273573.jpg', 'local', '[\"/uploads\\/1\\/22\\/07\\/62e68165722793107221659273573.jpg\",\"/uploads\\/1\\/22\\/07\\/62e68165722793107221659273573small.jpg\"]', NULL, 0, '2022-11-03 09:28:49', '2022-11-03 09:28:49'),
(12, '/uploads/1/22/07/62e681659c5b43107221659273573.jpg', 'local', '[\"/uploads\\/1\\/22\\/07\\/62e681659c5b43107221659273573.jpg\",\"/uploads\\/1\\/22\\/07\\/62e681659c5b43107221659273573small.jpg\"]', NULL, 0, '2022-11-03 09:28:49', '2022-11-03 09:28:49'),
(13, '/uploads/1/22/07/62e68165d30713107221659273573.png', 'local', '[\"/uploads\\/1\\/22\\/07\\/62e68165d30713107221659273573.png\",\"/uploads\\/1\\/22\\/07\\/62e68165d30713107221659273573small.png\"]', NULL, 0, '2022-11-03 09:28:49', '2022-11-03 09:28:49'),
(14, '/uploads/1/22/07/62e681666b4b43107221659273574.jpg', 'local', '[\"/uploads\\/1\\/22\\/07\\/62e681666b4b43107221659273574.jpg\",\"/uploads\\/1\\/22\\/07\\/62e681666b4b43107221659273574small.jpg\"]', NULL, 0, '2022-11-03 09:28:49', '2022-11-03 09:28:49'),
(15, '/uploads/1/22/07/62e681669aeac3107221659273574.png', 'local', '[\"/uploads\\/1\\/22\\/07\\/62e681669aeac3107221659273574.png\",\"/uploads\\/1\\/22\\/07\\/62e681669aeac3107221659273574small.png\"]', NULL, 0, '2022-11-03 09:28:49', '2022-11-03 09:28:49'),
(16, '/uploads/1/22/07/62e68166c3d283107221659273574.jpg', 'local', '[\"/uploads\\/1\\/22\\/07\\/62e68166c3d283107221659273574.jpg\",\"/uploads\\/1\\/22\\/07\\/62e68166c3d283107221659273574small.jpg\"]', NULL, 0, '2022-11-03 09:28:49', '2022-11-03 09:28:49'),
(17, '/uploads/1/22/07/62e68166eb7623107221659273574.jpg', 'local', '[\"/uploads\\/1\\/22\\/07\\/62e68166eb7623107221659273574.jpg\",\"/uploads\\/1\\/22\\/07\\/62e68166eb7623107221659273574small.jpg\"]', NULL, 0, '2022-11-03 09:28:49', '2022-11-03 09:28:49'),
(18, '/uploads/1/22/07/62e68167244e53107221659273575.jpg', 'local', '[\"/uploads\\/1\\/22\\/07\\/62e68167244e53107221659273575.jpg\",\"/uploads\\/1\\/22\\/07\\/62e68167244e53107221659273575small.jpg\"]', NULL, 0, '2022-11-03 09:28:49', '2022-11-03 09:28:49'),
(19, '/uploads/1/22/07/62e681674414c3107221659273575.jpg', 'local', '[\"/uploads\\/1\\/22\\/07\\/62e681674414c3107221659273575.jpg\",\"/uploads\\/1\\/22\\/07\\/62e681674414c3107221659273575small.jpg\"]', NULL, 0, '2022-11-03 09:28:49', '2022-11-03 09:28:49'),
(20, '/uploads/1/22/07/62e68167656593107221659273575.jpg', 'local', '[\"/uploads\\/1\\/22\\/07\\/62e68167656593107221659273575.jpg\",\"/uploads\\/1\\/22\\/07\\/62e68167656593107221659273575small.jpg\"]', NULL, 0, '2022-11-03 09:28:49', '2022-11-03 09:28:49'),
(21, '/uploads/1/22/07/62e6816794fde3107221659273575.jpg', 'local', '[\"/uploads\\/1\\/22\\/07\\/62e6816794fde3107221659273575.jpg\",\"/uploads\\/1\\/22\\/07\\/62e6816794fde3107221659273575small.jpg\"]', NULL, 0, '2022-11-03 09:28:49', '2022-11-03 09:28:49'),
(22, '/uploads/1/22/07/62e6849c3e2853107221659274396.png', 'local', '[\"/uploads\\/1\\/22\\/07\\/62e6849c3e2853107221659274396.png\",\"/uploads\\/1\\/22\\/07\\/62e6849c3e2853107221659274396small.png\"]', NULL, 0, '2022-11-03 09:28:49', '2022-11-03 09:28:49'),
(23, '/uploads/1/22/07/62e68862ac24c3107221659275362.png', 'local', '[\"/uploads\\/1\\/22\\/07\\/62e68862ac24c3107221659275362.png\",\"/uploads\\/1\\/22\\/07\\/62e68862ac24c3107221659275362small.png\"]', NULL, 0, '2022-11-03 09:28:49', '2022-11-03 09:28:49'),
(24, '/uploads/1/22/07/62e69773699843107221659279219.png', 'local', '[\"/uploads\\/1\\/22\\/07\\/62e69773699843107221659279219.png\",\"/uploads\\/1\\/22\\/07\\/62e69773699843107221659279219small.png\"]', NULL, 0, '2022-11-03 09:28:49', '2022-11-03 09:28:49'),
(25, 'https://fagopay.midecoder.com/uploads/1/22/11/6363b51c3712a0311221667478812.png', 'public', '[\"uploads\\/1\\/22\\/11\\/6363b51c3712a0311221667478812.png\",\"uploads\\/1\\/22\\/11\\/6363b51c3712a0311221667478812small.png\"]', NULL, 0, '2022-11-03 09:33:32', '2022-11-03 09:33:32'),
(26, 'https://fagopay.midecoder.com/uploads/1/22/11/6363b53f998270311221667478847.png', 'public', '[\"uploads\\/1\\/22\\/11\\/6363b53f998270311221667478847.png\",\"uploads\\/1\\/22\\/11\\/6363b53f998270311221667478847small.png\"]', NULL, 0, '2022-11-03 09:34:07', '2022-11-03 09:34:07'),
(27, 'https://fagopay.midecoder.com/uploads/1/22/11/6363dc30c5a8b0311221667488816.png', 'public', '[\"uploads\\/1\\/22\\/11\\/6363dc30c5a8b0311221667488816.png\",\"uploads\\/1\\/22\\/11\\/6363dc30c5a8b0311221667488816small.png\"]', NULL, 0, '2022-11-03 12:20:16', '2022-11-03 12:20:16'),
(28, 'https://fagopay.midecoder.com/uploads/1/22/11/6363dc4cc83bc0311221667488844.png', 'public', '[\"uploads\\/1\\/22\\/11\\/6363dc4cc83bc0311221667488844.png\",\"uploads\\/1\\/22\\/11\\/6363dc4cc83bc0311221667488844small.png\"]', NULL, 0, '2022-11-03 12:20:44', '2022-11-03 12:20:44'),
(29, 'https://fagopay.midecoder.com/uploads/1/22/11/6363ddd601d750311221667489238.png', 'public', '[\"uploads\\/1\\/22\\/11\\/6363ddd601d750311221667489238.png\",\"uploads\\/1\\/22\\/11\\/6363ddd601d750311221667489238small.png\"]', NULL, 0, '2022-11-03 12:27:18', '2022-11-03 12:27:18'),
(30, 'https://fagopay.midecoder.com/uploads/1/22/11/6363ddfc422a70311221667489276.png', 'public', '[\"uploads\\/1\\/22\\/11\\/6363ddfc422a70311221667489276.png\",\"uploads\\/1\\/22\\/11\\/6363ddfc422a70311221667489276small.png\"]', NULL, 0, '2022-11-03 12:27:56', '2022-11-03 12:27:56');

-- --------------------------------------------------------

--
-- Table structure for table `menus`
--

CREATE TABLE `menus` (
  `id` bigint(20) UNSIGNED NOT NULL,
  `name` varchar(191) COLLATE utf8mb4_unicode_ci NOT NULL,
  `position` varchar(191) COLLATE utf8mb4_unicode_ci NOT NULL,
  `data` text COLLATE utf8mb4_unicode_ci,
  `lang` varchar(191) COLLATE utf8mb4_unicode_ci NOT NULL DEFAULT 'en',
  `status` int(11) NOT NULL DEFAULT '0',
  `created_at` timestamp NULL DEFAULT NULL,
  `updated_at` timestamp NULL DEFAULT NULL
) ENGINE=InnoDB DEFAULT CHARSET=utf8mb4 COLLATE=utf8mb4_unicode_ci;

--
-- Dumping data for table `menus`
--

INSERT INTO `menus` (`id`, `name`, `position`, `data`, `lang`, `status`, `created_at`, `updated_at`) VALUES
(1, 'Header', 'header', '[{\"text\":\"Personal\",\"href\":\"/\",\"icon\":\"empty\",\"target\":\"_self\",\"title\":\"\"},{\"text\":\"Business <span class=\\\"coming-soon\\\">Pro</span>\",\"icon\":\"empty\",\"href\":\"#\",\"target\":\"_self\",\"title\":\"\"},{\"text\":\"About Us\",\"href\":\"/about\",\"icon\":\"empty\",\"target\":\"_self\",\"title\":\"user\"},{\"text\":\"Products\",\"href\":\"#\",\"icon\":\"\",\"target\":\"_self\",\"title\":\"\",\"children\":[{\"text\":\"Fago Wallet\",\"href\":\"#\",\"icon\":\"empty\",\"target\":\"_self\",\"title\":\"dwewe\"},{\"text\":\"Bill Payments\",\"href\":\"#\",\"icon\":\"empty\",\"target\":\"_self\",\"title\":\"\"},{\"text\":\"Payment Link\",\"href\":\"#\",\"icon\":\"empty\",\"target\":\"_self\",\"title\":\"\"},{\"text\":\"QR Payment\",\"href\":\"#\",\"icon\":\"empty\",\"target\":\"_self\",\"title\":\"\"},{\"text\":\"Invoice System\",\"href\":\"#\",\"icon\":\"empty\",\"target\":\"_self\",\"title\":\"\"},{\"text\":\"Virtual Card\",\"href\":\"#\",\"icon\":\"empty\",\"target\":\"_self\",\"title\":\"\"}]},{\"text\":\"Community\",\"icon\":\"\",\"href\":\"#\",\"target\":\"_self\",\"title\":\"\",\"children\":[{\"text\":\"Blog\",\"href\":\"/blog\",\"icon\":\"empty\",\"target\":\"_self\",\"title\":\"\"},{\"text\":\"Join Our Team\",\"icon\":\"empty\",\"href\":\"#\",\"target\":\"_self\",\"title\":\"\"},{\"text\":\"Faq\",\"icon\":\"empty\",\"href\":\"#\",\"target\":\"_self\",\"title\":\"\"},{\"text\":\"Contact\",\"href\":\"/contact\",\"icon\":\"empty\",\"target\":\"_self\",\"title\":\"\"}]}]', 'en', 1, NULL, NULL),
(2, 'Our Solutions', 'footer_left_menu', '[{\"text\":\"Transfer Money\",\"icon\":\"\",\"href\":\"#\",\"target\":\"_self\",\"title\":\"\"},{\"text\":\"Request Money\",\"icon\":\"empty\",\"href\":\"#\",\"target\":\"_self\",\"title\":\"\"},{\"text\":\"Virtual Cards\",\"icon\":\"empty\",\"href\":\"#\",\"target\":\"_self\",\"title\":\"\"},{\"text\":\"Bill Payments\",\"icon\":\"empty\",\"href\":\"#\",\"target\":\"_self\",\"title\":\"\"}]', 'en', 1, NULL, NULL),
(3, 'HELP', 'footer_right_menu', '[{\"text\":\"Contact\",\"icon\":\"\",\"href\":\"/contact\",\"target\":\"_self\",\"title\":\"\"},{\"text\":\"FAQs\",\"icon\":\"empty\",\"href\":\"#\",\"target\":\"_self\",\"title\":\"\"},{\"text\":\"Terms or Service\",\"icon\":\"empty\",\"href\":\"#\",\"target\":\"_self\",\"title\":\"\"},{\"text\":\"Privacy Policy\",\"icon\":\"empty\",\"href\":\"#\",\"target\":\"_self\",\"title\":\"\"}]', 'en', 1, NULL, NULL);

-- --------------------------------------------------------

--
-- Table structure for table `migrations`
--

CREATE TABLE `migrations` (
  `id` int(10) UNSIGNED NOT NULL,
  `migration` varchar(191) COLLATE utf8mb4_unicode_ci NOT NULL,
  `batch` int(11) NOT NULL
) ENGINE=InnoDB DEFAULT CHARSET=utf8mb4 COLLATE=utf8mb4_unicode_ci;

--
-- Dumping data for table `migrations`
--

INSERT INTO `migrations` (`id`, `migration`, `batch`) VALUES
(1, '2014_10_11_000000_create_currencies_table', 1),
(2, '2014_10_12_000000_create_users_table', 1),
(3, '2014_10_12_100000_create_password_resets_table', 1),
(4, '2019_08_19_000000_create_failed_jobs_table', 1),
(5, '2019_08_19_000002_create_taxes_table', 1),
(6, '2019_09_15_000001_create_gateways_table', 1),
(7, '2019_12_14_000001_create_personal_access_tokens_table', 1),
(8, '2022_02_27_105253_create_menus_table', 1),
(9, '2022_02_27_105302_create_terms_table', 1),
(10, '2022_02_27_105310_create_term_metas_table', 1),
(11, '2022_02_27_105320_create_options_table', 1),
(12, '2022_02_27_105337_create_categories_table', 1),
(13, '2022_02_27_105353_create_media_table', 1),
(14, '2022_02_28_095723_create_term_categories_table', 1),
(15, '2022_06_15_094542_create_deposits_table', 1),
(16, '2022_06_26_212541_create_temporary_files_table', 1),
(17, '2022_08_01_045418_create_moneyrequests_table', 1),
(18, '2022_08_01_052056_create_transactions_table', 1),
(19, '2022_08_01_053204_create_banks_table', 1),
(20, '2022_08_01_054119_create_user_banks_table', 1),
(21, '2022_08_01_054124_create_payouts_table', 1),
(22, '2022_08_01_062156_create_contact_mails_table', 1),
(23, '2022_08_01_091232_create_singlecharges_table', 1),
(24, '2022_08_01_091705_create_singlechargeorders_table', 1),
(25, '2022_08_01_094243_create_donations_table', 1),
(26, '2022_08_01_094247_create_donationorders_table', 1),
(27, '2022_08_03_085009_create_storefronts_table', 1),
(28, '2022_08_04_071105_create_product_categories_table', 1),
(29, '2022_08_04_082523_create_invoices_table', 1),
(30, '2022_08_04_082524_create_invoice_items_table', 1),
(31, '2022_08_04_091921_create_products_table', 1),
(32, '2022_08_04_114953_create_websites_table', 1),
(33, '2022_08_04_133848_create_transfers_table', 1),
(34, '2022_08_05_110735_create_user_plans_table', 1),
(35, '2022_08_05_113538_create_user_plan_subscribers_table', 1),
(36, '2022_08_06_154748_create_web_orders_table', 1),
(37, '2022_08_06_154748_create_web_test_orders_table', 1),
(38, '2022_08_08_125200_create_kyc_methods_table', 1),
(39, '2022_08_08_125222_create_kyc_requests_table', 1),
(40, '2022_08_08_125255_create_kyc_method_user_table', 1),
(41, '2022_08_08_153638_create_shippings_table', 1),
(42, '2022_08_09_103139_create_product_storefront_table', 1),
(43, '2022_08_10_111509_create_supports_table', 1),
(44, '2022_08_10_114705_create_support_metas_table', 1),
(45, '2022_08_10_172245_create_orders_table', 1),
(46, '2022_08_10_172256_create_orderitems_table', 1),
(47, '2022_08_13_155406_create_jobs_table', 1),
(48, '2022_08_17_044312_create_qrpayments_table', 1),
(49, '2022_08_17_131614_create_permission_tables', 1);

-- --------------------------------------------------------

--
-- Table structure for table `model_has_permissions`
--

CREATE TABLE `model_has_permissions` (
  `permission_id` bigint(20) UNSIGNED NOT NULL,
  `model_type` varchar(191) COLLATE utf8mb4_unicode_ci NOT NULL,
  `model_id` bigint(20) UNSIGNED NOT NULL
) ENGINE=InnoDB DEFAULT CHARSET=utf8mb4 COLLATE=utf8mb4_unicode_ci;

-- --------------------------------------------------------

--
-- Table structure for table `model_has_roles`
--

CREATE TABLE `model_has_roles` (
  `role_id` bigint(20) UNSIGNED NOT NULL,
  `model_type` varchar(191) COLLATE utf8mb4_unicode_ci NOT NULL,
  `model_id` bigint(20) UNSIGNED NOT NULL
) ENGINE=InnoDB DEFAULT CHARSET=utf8mb4 COLLATE=utf8mb4_unicode_ci;

--
-- Dumping data for table `model_has_roles`
--

INSERT INTO `model_has_roles` (`role_id`, `model_type`, `model_id`) VALUES
(1, 'App\\Models\\User', 1),
(2, 'App\\Models\\User', 2);

-- --------------------------------------------------------

--
-- Table structure for table `moneyrequests`
--

CREATE TABLE `moneyrequests` (
  `id` bigint(20) UNSIGNED NOT NULL,
  `sender_id` bigint(20) UNSIGNED DEFAULT NULL,
  `receiver_id` bigint(20) UNSIGNED DEFAULT NULL,
  `request_currency_id` bigint(20) UNSIGNED DEFAULT NULL,
  `approved_currency_id` bigint(20) UNSIGNED DEFAULT NULL,
  `amount` double DEFAULT NULL,
  `charge` double DEFAULT NULL,
  `rate` double DEFAULT '1',
  `status` int(11) NOT NULL DEFAULT '2',
  `created_at` timestamp NULL DEFAULT NULL,
  `updated_at` timestamp NULL DEFAULT NULL
) ENGINE=InnoDB DEFAULT CHARSET=utf8mb4 COLLATE=utf8mb4_unicode_ci;

--
-- Dumping data for table `moneyrequests`
--

INSERT INTO `moneyrequests` (`id`, `sender_id`, `receiver_id`, `request_currency_id`, `approved_currency_id`, `amount`, `charge`, `rate`, `status`, `created_at`, `updated_at`) VALUES
(1, 6, 3, 5, 2, 3000, 95, 1, 2, '2022-11-04 14:57:15', '2022-11-04 14:57:15'),
(2, 12, 11, 5, 5, 1000, 35, 1, 2, '2023-01-12 17:25:14', '2023-01-12 17:25:14'),
(3, 12, 11, 5, 5, 1000, 35, 1, 2, '2023-01-12 17:25:19', '2023-01-12 17:25:19'),
(4, 12, 11, 5, 5, 1000, 35, 1, 2, '2023-01-12 17:25:24', '2023-01-12 17:25:24'),
(5, 12, 5, 5, 5, 1000, 35, 1, 2, '2023-01-12 17:26:09', '2023-01-12 17:26:09'),
(6, 12, 5, 5, 5, 1000, 35, 1, 2, '2023-01-12 17:26:13', '2023-01-12 17:26:13');

-- --------------------------------------------------------

--
-- Table structure for table `networks`
--

CREATE TABLE `networks` (
  `id` int(10) UNSIGNED NOT NULL,
  `name` varchar(191) COLLATE utf8mb4_unicode_ci DEFAULT NULL,
  `type` varchar(88) COLLATE utf8mb4_unicode_ci DEFAULT NULL,
  `code` varchar(77) COLLATE utf8mb4_unicode_ci DEFAULT NULL,
  `symbol` varchar(191) COLLATE utf8mb4_unicode_ci DEFAULT NULL,
  `image` varchar(99) COLLATE utf8mb4_unicode_ci DEFAULT NULL,
  `min` varchar(191) COLLATE utf8mb4_unicode_ci DEFAULT '0',
  `max` varchar(191) COLLATE utf8mb4_unicode_ci DEFAULT '0',
  `conversion` varchar(2) COLLATE utf8mb4_unicode_ci DEFAULT NULL,
  `conversion_note` varchar(300) COLLATE utf8mb4_unicode_ci DEFAULT NULL,
  `airtime` varchar(255) COLLATE utf8mb4_unicode_ci DEFAULT NULL,
  `discount` varchar(20) COLLATE utf8mb4_unicode_ci DEFAULT NULL,
  `discountcode` varchar(10) COLLATE utf8mb4_unicode_ci DEFAULT NULL,
  `internet` varchar(191) COLLATE utf8mb4_unicode_ci DEFAULT NULL,
  `airtime_sim_host` int(1) NOT NULL DEFAULT '0',
  `host_sim` int(1) DEFAULT NULL,
  `airtime_convert` int(1) DEFAULT NULL,
  `internet_sim_host` int(1) NOT NULL DEFAULT '0',
  `airtime_vend_ussd` varchar(60) COLLATE utf8mb4_unicode_ci DEFAULT NULL,
  `internet_vend_ussd` varchar(60) COLLATE utf8mb4_unicode_ci DEFAULT NULL,
  `vending_server_id` varchar(100) COLLATE utf8mb4_unicode_ci DEFAULT NULL,
  `vending_api_key` varchar(100) COLLATE utf8mb4_unicode_ci DEFAULT NULL,
  `tv` int(1) DEFAULT NULL,
  `status` tinyint(4) NOT NULL DEFAULT '0',
  `deleted_at` timestamp NULL DEFAULT NULL,
  `created_at` timestamp NULL DEFAULT NULL,
  `updated_at` timestamp NULL DEFAULT NULL
) ENGINE=InnoDB DEFAULT CHARSET=utf8mb4 COLLATE=utf8mb4_unicode_ci;

--
-- Dumping data for table `networks`
--

INSERT INTO `networks` (`id`, `name`, `type`, `code`, `symbol`, `image`, `min`, `max`, `conversion`, `conversion_note`, `airtime`, `discount`, `discountcode`, `internet`, `airtime_sim_host`, `host_sim`, `airtime_convert`, `internet_sim_host`, `airtime_vend_ussd`, `internet_vend_ussd`, `vending_server_id`, `vending_api_key`, `tv`, `status`, `deleted_at`, `created_at`, `updated_at`) VALUES
(1, 'Airtel', NULL, '04', 'airtel', 'airtel.png', '100', '435', '20', 'How to transfer on Airtel network.\r\nDial *432# on the line you want to transfer from\\\r\nSelect transfer Airtime.\r\nEnter the number of the recipient.\r\nInput your Me2U pin.\r\nConfirm your transfer by replying with 1.', '1', '2', 'TOSIN', '1', 0, 1, 1, 0, NULL, NULL, NULL, NULL, NULL, 1, NULL, '2018-02-15 00:36:57', '2022-12-19 07:21:03'),
(2, 'Smile', NULL, 'Smile', 'smile', 'airtel.png', '100', '435', '10', NULL, '0', NULL, NULL, '0', 0, NULL, 0, 0, NULL, NULL, NULL, NULL, NULL, 1, NULL, '2018-02-15 00:36:57', '2020-04-29 11:44:28'),
(3, 'Glo', NULL, '02', 'glo', 'glo.png', '390', '400', '15', 'How to transfer on GLO network\r\nGlo EasyShare - Default PIN : 00000\r\nDial *131*Phone Number*Amount*PIN#\r\nE.g : dial *131*09056349197*50*12345#\r\n', '1', NULL, NULL, '1', 0, 1, 1, 0, NULL, NULL, NULL, NULL, NULL, 1, NULL, '2018-02-15 00:36:57', '2022-12-19 07:21:09'),
(4, 'MTN', NULL, '01', 'mtn', 'mtn.png', '370', '400', '22', 'How to transfer on MTN network 24234\r\nMTN Share N Sell - Default PIN : 0000\r\nIf you don\'t have a PIN, to use 1234 as your PIN Dial: *600*0000*1234*1234#\r\nTo Transfer Dial: *600*09166768019*2100*PIN#', '1', NULL, NULL, '1', 1, 1, 1, 1, '*777*{{phone}}*{{amount}}*1234#', NULL, 'LBL6BOFBKC2DTNV', 'YIJFSMNZBJMUVVQBAEQ4MY4DYQCU9WS', NULL, 1, NULL, '2018-02-15 00:36:57', '2022-10-31 15:47:21'),
(5, '9mobile', NULL, '03', 'etisalat', '9mobile.png', '450', '400', '10', NULL, '1', NULL, NULL, '1', 0, NULL, 1, 0, NULL, NULL, NULL, NULL, NULL, 1, NULL, '2018-02-15 00:36:57', '2020-09-29 17:48:39'),
(6, 'DSTV', 'multichoice', 'dstv', 'Feel the difference', 'dstv.png', '450', '400', NULL, NULL, '0', '10', '0LAMIDE', '0', 0, NULL, NULL, 0, NULL, NULL, NULL, NULL, 1, 1, NULL, '2018-02-15 00:36:57', '2020-09-29 17:48:39'),
(7, 'GOTV', 'multichoice', 'gotv', 'Live It Love It', 'gotv.png', '450', '400', NULL, NULL, '0', NULL, NULL, '0', 0, NULL, NULL, 0, NULL, NULL, NULL, NULL, 1, 1, NULL, '2018-02-15 00:36:57', '2020-09-29 17:48:39'),
(8, 'STARTIMES', 'startimes', 'startimes', 'Emjoy Digital Live', 'Star.png', '450', '400', NULL, NULL, '0', NULL, NULL, '0', 0, NULL, NULL, 0, NULL, NULL, NULL, NULL, 1, 1, NULL, '2018-02-15 00:36:57', '2020-09-29 17:48:39');

-- --------------------------------------------------------

--
-- Table structure for table `options`
--

CREATE TABLE `options` (
  `id` bigint(20) UNSIGNED NOT NULL,
  `key` varchar(191) COLLATE utf8mb4_unicode_ci NOT NULL,
  `value` text COLLATE utf8mb4_unicode_ci NOT NULL,
  `lang` varchar(191) COLLATE utf8mb4_unicode_ci NOT NULL DEFAULT 'en',
  `created_at` timestamp NULL DEFAULT NULL,
  `updated_at` timestamp NULL DEFAULT NULL
) ENGINE=InnoDB DEFAULT CHARSET=utf8mb4 COLLATE=utf8mb4_unicode_ci;

--
-- Dumping data for table `options`
--

INSERT INTO `options` (`id`, `key`, `value`, `lang`, `created_at`, `updated_at`) VALUES
(1, 'plan_renewal_messages', '{\"plan_disabled\": \"<b>We were unable to make renew your subscription plan.</b><br> Please change your subscription plan. Currently this plan not available or contact at the support forum.\", \"order_complete\": \"<b>Your subscription has been successfully renewed.</b><br> Your subscription automatic renewal order has been received and is now being processed. Your order details are shown below for your reference.\", \"user_balance_low\": \"<b>We were unable to make renew your subscription plan.</b><br> Please top up the balance for renew the subscription. your subscription detail is shown below for your reference.\"}', 'en', '2022-07-31 10:14:11', '2022-07-31 10:14:11'),
(2, 'cron_option', '{\"expire_message\": \"Your plan is expired!\", \"first_expire_days\": 14, \"second_expire_days\": 7, \"first_alert_message\": \"Hi, your plan will expire soon\", \"second_alert_message\": \"Hi, your plan will expire soon\", \"trial_expired_message\": \"Your free trial is expired!\"}', 'en', '2022-07-31 10:14:11', '2022-07-31 10:14:11'),
(3, 'languages', '{\"en\": \"English\"}', 'en', '2022-07-31 10:14:11', '2022-07-31 10:14:11'),
(4, 'currency', '{\"name\": \"USD\", \"rate\": \"1\"}', 'en', '2022-07-31 10:14:11', '2022-07-31 10:14:11'),
(5, 'footer_setting', '{\"about\": \"Make it as easy as possible to pay. Modular or combined with other services, our payment technologies ensure swift implementation.\",\"social\": [{\"icon_class\": \"fab fa-facebook\", \"website_url\": \"https://www.facebook.com\"}, {\"icon_class\": \"fab fa-twitter\", \"website_url\": \"https://www.twitter.com\"}, {\"icon_class\": \"fab fa-instagram\", \"website_url\": \"https://www.instagram.com\"}, {\"icon_class\": \"fab fa-youtube\", \"website_url\": \"https://www.youtube.com\"}, {\"icon_class\": \"fab fa-linkedin\", \"website_url\": \"https://www.linkedin.com\"}], \"copyright\": \"Copyright  2022. All Rights Reserved\"}', 'en', '2022-07-31 10:14:11', '2022-07-31 10:14:11'),
(6, 'logo_setting', '{\"logo\":\"https:\\/\\/fagopay.midecoder.com\\/uploads\\/1\\/22\\/11\\/6363ddfc422a70311221667489276.png\",\"favicon\":\"https:\\/\\/fagopay.midecoder.com\\/uploads\\/1\\/22\\/11\\/6363b53f998270311221667478847.png\"}', 'en', '2022-07-31 10:14:11', '2022-11-03 12:28:06'),
(7, 'heading.welcome', '{\"lang\": \"en\", \"image\": \"/uploads/1/22/07/62e68862ac24c3107221659275362.png\", \"title\": \"The Easy Way To Pay Is Right Here.\", \"button1_url\": \"/register\", \"button2_url\": \"/login\", \"description\": \"Give your customers the gift of modern, frictionless, painless payments. Integrate once and let your customers pay you however they want.\", \"short_title\": \"Optimize Your Business Processes\", \"button1_text\": \"Start Now\", \"button2_text\": \"Sign In\"}', 'en', '2022-07-31 10:16:04', '2022-07-31 10:16:04'),
(8, 'heading.feature', '{\"title\":\"Let\\u2019s Check Our Features\",\"description\":\"Lorem ipsum, dolor sit amet consectetur adipisicing elit. Reprehenderit, sed Lorem ipsum dolor sit amet..\",\"feature_1_icon\":\"fas fa-laptop\",\"feature_1_text\":\"Send\",\"feature_1_description\":\"Intelligent value-added services for digital banking, sales.\",\"feature_2_icon\":\"fas fa-piggy-bank\",\"feature_2_text\":\"Spend\",\"feature_2_description\":\"Intelligent value-added services for digital banking, sales.\",\"feature_3_icon\":\"far fa-credit-card\",\"feature_3_text\":\"Save\",\"feature_3_description\":\"Intelligent value-added services for digital banking, sales.\"}', 'en', '2022-07-31 10:17:18', '2022-11-03 14:56:29'),
(9, 'heading.about', '{\"image\": \"/uploads/1/22/07/62e68164ae22d3107221659273572.jpg\", \"title\": \"- Optimize Your Business Processes With Your Own Solutions\", \"button_url\": \"/about\", \"button_text\": \"Read More\", \"description\": \"Everything is possible, from card products all the way to digital banking and payment apps. Were your specialists for issuing and technically integrating payment solutions. With us, you get everything from one source: modular end-to-end solutions, flexibly configurable white-label products.\"}', 'en', '2022-07-31 10:26:38', '2022-07-31 10:26:38'),
(10, 'heading.payment', '{\"title\": \"Accepting Payments Worldwide\", \"description\": \"Lorem ipsum, dolor sit amet consectetur adipisicing elit. Reprehenderit, sed Lorem ipsum dolor sit amet..\", \"payment_1_icon\": \"fas fa-store-alt\", \"payment_1_text\": \"Storefront\", \"payment_2_icon\": \"fas fa-exchange-alt\", \"payment_2_text\": \"Transfer/Request Money\", \"payment_3_icon\": \"fab fa-cc-amazon-pay\", \"payment_3_text\": \"Bill Payment\", \"payment_4_icon\": \"fas fa-link\", \"payment_4_text\": \"Payment pages\", \"payment_5_icon\": \"fas fa-file-invoice\", \"payment_5_text\": \"Invoice Payment\", \"payment_6_icon\": \"fas fa-id-card-alt\", \"payment_6_text\": \"Virtual Cards\", \"payment_1_description\": \"Create unique discount codes for sales, promotions, or affiliates.\", \"payment_2_description\": \"Create unique discount codes for sales, promotions, or affiliates.\", \"payment_3_description\": \"Create unique discount codes for sales, promotions, or affiliates.\", \"payment_4_description\": \"Create unique discount codes for sales, promotions, or affiliates.\", \"payment_5_description\": \"Create unique discount codes for sales, promotions, or affiliates.\", \"payment_6_description\": \"Create unique discount codes for sales, promotions, or affiliates.\"}', 'en', '2022-07-31 10:29:16', '2022-07-31 10:29:16'),
(11, 'heading.integration', '{\"title\": \"The fastest way to integrate Stripe.\", \"button_url\": \"/about\", \"button_text\": \"Read More\", \"description\": \"Checkouts intuitive APIs and documentation make it easy to get started, Lorem ipsum dolor sit amet consectetur adipisicing elit. Culpa recusandae accusamus numquam quos, debitis consectetur! and easy to iterate.\\r\\n\\r\\nLorem ipsum dolor sit amet consectetur adipisicing elit. Aperiam fuga eius sed aut, voluptates commodi incidunt excepturi nobis similique vel, aliquid laborum ex dignissimos officia minima voluptas dolor labore cum?\"}', 'en', '2022-07-31 10:30:08', '2022-07-31 10:30:08'),
(12, 'heading.capture', '{\"image\": \"/uploads/1/22/07/62e6849c3e2853107221659274396.png\", \"title\": \"Power Any Billing Model\", \"short_title\": \"CAPTURE MORE REVENUE\", \"capture_1_title\": \"Start accepting payments in minutes\", \"capture_2_title\": \"Support any pricing model\", \"capture_3_title\": \"Support custom pricing for complex deals\", \"capture_1_description\": \"Collect and store payment details including cards, ACH, and other popular payment methods. Easily send invoices to recurring customers, and offer discounts and free trials to drive adoption.\", \"capture_2_description\": \"Collect and store payment details including cards, ACH, and other popular payment methods. Easily send invoices to recurring customers.\", \"capture_3_description\": \"Collect and store payment details including cards, ACH, and other popular payment methods. Easily send invoices to recurring customers.\"}', 'en', '2022-07-31 10:31:17', '2022-07-31 10:33:21'),
(13, 'heading.security', '{\"title\": \"Built-In Fraud Prevention And Compliance (Security)\", \"description\": \"Lorem ipsum, dolor sit amet consectetur adipisicing elit. Reprehenderit, sed Lorem ipsum dolor sit amet..\", \"security_1_icon\": \"far fa-eye\", \"security_2_icon\": \"fab fa-asymmetrik\", \"security_1_title\": \"Powerful fraud protection\", \"security_2_title\": \"Compliance made easy\", \"security_1_description\": \"Checkout uses machine learning to help you distinguish fraudsters from customers. Apply extra authentication to high-risk payments, or let us take on fraudulent disputes entirely with Chargeback Protection.\", \"security_2_description\": \"Checkout uses machine learning to help you distinguish fraudsters from customers. Apply extra authentication to high-risk payments, or let us take on fraudulent disputes entirely with Chargeback Protection.\"}', 'en', '2022-07-31 10:35:09', '2022-07-31 10:35:19'),
(14, 'heading.review', '{\"title\": \"Client Says About Our Services\", \"description\": \"Lorem ipsum, dolor sit amet consectetur adipisicing elit. Reprehenderit, sed Lorem ipsum dolor sit amet..\"}', 'en', '2022-07-31 10:35:32', '2022-07-31 10:35:32'),
(15, 'heading.faq', '{\"title\": \"Questions & Answers\", \"description\": \"Lorem ipsum, dolor sit amet consectetur adipisicing elit. Reprehenderit, sed Lorem ipsum dolor sit amet..\"}', 'en', '2022-07-31 10:35:46', '2022-07-31 10:35:46'),
(16, 'heading.latest-news', '{\"title\": \"New All Blogs\", \"description\": \"Lorem ipsum, dolor sit amet consectetur adipisicing elit. Reprehenderit, sed Lorem ipsum dolor sit amet..\"}', 'en', '2022-07-31 10:35:59', '2022-07-31 10:35:59'),
(17, 'heading.contact', '{\"email\": \"example@gmail.com\", \"phone\": \"+88015426\", \"title\": \"Contact Us Now\", \"map_url\": \"https://maps.google.com/maps?q=1864 Lancaster Court Road Poughkeepsie, CA 12601&z=13&ie=UTF8&iwloc=&output=embed\", \"location\": \"New York, 1850\"}', 'en', '2022-06-27 21:36:54', '2022-06-27 21:36:54'),
(18, 'charges', '{\"request_money_charge\": {\"rate\": \"3\",\"type\":\"percentage\"},\"withdraw_charge\": { \"rate\": \"3\", \"type\":\"percentage\"},\"transfer_charge\": {\"rate\": \"3\",\"type\":\"percentage\"},\"transaction_charge\": {\"rate\": \"5\",\"type\":\"fixed\"},\"single_payment_charge\": {\"rate\": \"4\",\"type\":\"percentage\"},\"donation_charge\": {\"rate\": \"4\",\"type\":\"percentage\"},\"invoice_charge\": {\"rate\": \"2\",\"type\":\"percentage\"},\"user_plan_charge\": {\"rate\": \"2\",\"type\":\"percentage\"},\"merchant_charge\": {\"rate\": \"3\",\"type\":\"percentage\"},\"qr_payment_charge\": {\"rate\": \"2\",\"type\":\"percentage\"}}', 'en', '2022-11-03 09:28:48', '2022-11-03 09:28:48'),
(19, 'seo_home', '{\"site_name\":\"Home\",\"matatag\":\"Home\",\"matadescription\":\"it is an payment gateway application. you can add your payment gateway keys,id and start using your payment gateway system within 5  within 5 minutes.\",\"twitter_site_title\":\"home\"}', 'en', '2022-11-03 09:28:48', '2022-11-03 09:28:48'),
(21, 'seo_blog', '{\"site_name\":\"Blog\",\"matatag\":\"Blog\",\"matadescription\":\"it is an payment gateway application. in this page you can view all post recently post form the application\",\"twitter_site_title\":\"Blog\"}', 'en', '2022-11-03 09:28:48', '2022-11-03 09:28:48'),
(22, 'seo_about', '{\"site_name\":\"About Us\",\"matatag\":\"about\",\"matadescription\":\"it is an payment gateway application. in this page you can view all details about each services\",\"twitter_site_title\":\"Service\"}', 'en', '2022-11-03 09:28:48', '2022-11-03 09:28:48'),
(23, 'about_us', '{\"title\":\"The Price Is Something Not Necessarily Defined As Financial.\",\"description\":\"Lorem ipsum dolor sit amet consectetur adipisicing elit. Similique, eligendi porro? Numquam commodi placeat quia. Blanditiis libero ad porro, cum quaerat vel fuga mollitia quasi exercitationem! Nostrum molestias, officiis nulla id cum quae deleniti accusantium velit laudantium. Commodi, reprehenderit minus aliquid, unde doloremque quidem, laudantium maxime recusandae sed sapiente nam.\\r\\n\\r\\nLorem ipsum dolor sit amet consectetur adipisicing elit. Similique, eligendi porro? Numquam commodi placeat quia. Blanditiis libero ad porro, cum quaerat vel fuga mollitia quasi exercitationem! Nostrum molestias, officiis nulla id cum quae deleniti accusantium velit laudantium. Commodi, reprehenderit minus aliquid, unde doloremque quidem, laudantium maxime recusandae sed sapiente nam.\",\"image\":\"/uploads\\/1\\/22\\/07\\/62e69773699843107221659279219.png\"}', 'en', '2022-08-24 10:32:36', '2022-08-24 10:33:34'),
(24, 'seo_contact', '{\"site_name\":\"Contact Us\",\"matatag\":\"contact\",\"matadescription\":\"it is an payment gateway application. in this page you can view all details about each services\",\"twitter_site_title\":\"Service\"}', 'en', '2022-11-03 09:28:48', '2022-11-03 09:28:48');

-- --------------------------------------------------------

--
-- Table structure for table `orderitems`
--

CREATE TABLE `orderitems` (
  `id` bigint(20) UNSIGNED NOT NULL,
  `order_id` bigint(20) UNSIGNED NOT NULL,
  `product_id` bigint(20) UNSIGNED NOT NULL,
  `quantity` int(11) DEFAULT NULL,
  `token` varchar(191) COLLATE utf8mb4_unicode_ci DEFAULT NULL,
  `created_at` timestamp NULL DEFAULT NULL,
  `updated_at` timestamp NULL DEFAULT NULL
) ENGINE=InnoDB DEFAULT CHARSET=utf8mb4 COLLATE=utf8mb4_unicode_ci;

-- --------------------------------------------------------

--
-- Table structure for table `orders`
--

CREATE TABLE `orders` (
  `id` bigint(20) UNSIGNED NOT NULL,
  `shipping_id` bigint(20) UNSIGNED DEFAULT NULL,
  `seller_id` bigint(20) UNSIGNED NOT NULL,
  `gateway_id` bigint(20) UNSIGNED DEFAULT NULL,
  `currency_id` bigint(20) UNSIGNED NOT NULL,
  `storefront_id` bigint(20) UNSIGNED NOT NULL,
  `invoice_no` varchar(191) COLLATE utf8mb4_unicode_ci NOT NULL,
  `trx` varchar(191) COLLATE utf8mb4_unicode_ci DEFAULT NULL,
  `name` varchar(191) COLLATE utf8mb4_unicode_ci NOT NULL,
  `email` varchar(191) COLLATE utf8mb4_unicode_ci NOT NULL,
  `phone` varchar(191) COLLATE utf8mb4_unicode_ci DEFAULT NULL,
  `amount` double DEFAULT NULL,
  `status` int(11) NOT NULL DEFAULT '1',
  `created_at` timestamp NULL DEFAULT NULL,
  `updated_at` timestamp NULL DEFAULT NULL
) ENGINE=InnoDB DEFAULT CHARSET=utf8mb4 COLLATE=utf8mb4_unicode_ci;

-- --------------------------------------------------------

--
-- Table structure for table `password_resets`
--

CREATE TABLE `password_resets` (
  `email` varchar(191) COLLATE utf8mb4_unicode_ci NOT NULL,
  `token` varchar(191) COLLATE utf8mb4_unicode_ci NOT NULL,
  `created_at` timestamp NULL DEFAULT NULL
) ENGINE=InnoDB DEFAULT CHARSET=utf8mb4 COLLATE=utf8mb4_unicode_ci;

--
-- Dumping data for table `password_resets`
--

INSERT INTO `password_resets` (`email`, `token`, `created_at`) VALUES
('midecoder01@gmail.com', '$2y$10$XecVJw3ckWZRLkVv9qyYmu4y2xzpP0drrClroVfLKEwpeipGi6YFm', '2022-11-03 20:24:25');

-- --------------------------------------------------------

--
-- Table structure for table `payouts`
--

CREATE TABLE `payouts` (
  `id` bigint(20) UNSIGNED NOT NULL,
  `user_id` bigint(20) UNSIGNED NOT NULL,
  `user_bank_id` bigint(20) UNSIGNED NOT NULL,
  `currency_id` bigint(20) UNSIGNED NOT NULL,
  `trx` int(11) DEFAULT NULL,
  `amount` double DEFAULT NULL,
  `charge` double NOT NULL,
  `rate` double NOT NULL,
  `comment` text COLLATE utf8mb4_unicode_ci,
  `status` varchar(191) COLLATE utf8mb4_unicode_ci NOT NULL DEFAULT 'pending',
  `created_at` timestamp NULL DEFAULT NULL,
  `updated_at` timestamp NULL DEFAULT NULL
) ENGINE=InnoDB DEFAULT CHARSET=utf8mb4 COLLATE=utf8mb4_unicode_ci;

--
-- Dumping data for table `payouts`
--

INSERT INTO `payouts` (`id`, `user_id`, `user_bank_id`, `currency_id`, `trx`, `amount`, `charge`, `rate`, `comment`, `status`, `created_at`, `updated_at`) VALUES
(5, 3, 1, 2, 2147483647, 50, 6.5, 1, NULL, 'rejected', '2022-11-04 18:12:31', '2022-11-04 19:07:17'),
(6, 3, 1, 2, 2147483647, 50, 6.5, 1, NULL, 'pending', '2022-11-04 18:12:37', '2022-11-04 18:12:37'),
(7, 7, 8, 5, 2147483647, 50, 6.5, 1, NULL, 'pending', '2022-11-04 19:03:24', '2022-11-04 19:03:24'),
(8, 7, 8, 5, 2147483647, 50, 6.5, 1, NULL, 'rejected', '2022-11-04 19:03:27', '2022-11-04 19:07:22'),
(9, 7, 8, 5, 2147483647, 50, 6.5, 1, NULL, 'pending', '2022-11-04 19:03:52', '2022-11-04 19:03:52'),
(10, 7, 8, 5, 2147483647, 50, 6.5, 1, NULL, 'rejected', '2022-11-04 19:04:33', '2022-11-04 19:07:39'),
(11, 7, 8, 5, 2147483647, 50, 6.5, 1, NULL, 'pending', '2022-12-20 05:25:34', '2022-12-20 05:25:34');

-- --------------------------------------------------------

--
-- Table structure for table `permissions`
--

CREATE TABLE `permissions` (
  `id` bigint(20) UNSIGNED NOT NULL,
  `name` varchar(191) COLLATE utf8mb4_unicode_ci NOT NULL,
  `guard_name` varchar(191) COLLATE utf8mb4_unicode_ci NOT NULL,
  `created_at` timestamp NULL DEFAULT NULL,
  `updated_at` timestamp NULL DEFAULT NULL
) ENGINE=InnoDB DEFAULT CHARSET=utf8mb4 COLLATE=utf8mb4_unicode_ci;

--
-- Dumping data for table `permissions`
--

INSERT INTO `permissions` (`id`, `name`, `guard_name`, `created_at`, `updated_at`) VALUES
(1, 'dashboard-read', 'web', '2022-11-03 09:28:48', '2022-11-03 09:28:48'),
(2, 'customers-create', 'web', '2022-11-03 09:28:48', '2022-11-03 09:28:48'),
(3, 'customers-read', 'web', '2022-11-03 09:28:48', '2022-11-03 09:28:48'),
(4, 'customers-update', 'web', '2022-11-03 09:28:48', '2022-11-03 09:28:48'),
(5, 'customers-delete', 'web', '2022-11-03 09:28:48', '2022-11-03 09:28:48'),
(6, 'staff-create', 'web', '2022-11-03 09:28:48', '2022-11-03 09:28:48'),
(7, 'staff-read', 'web', '2022-11-03 09:28:48', '2022-11-03 09:28:48'),
(8, 'staff-update', 'web', '2022-11-03 09:28:48', '2022-11-03 09:28:48'),
(9, 'staff-delete', 'web', '2022-11-03 09:28:48', '2022-11-03 09:28:48'),
(10, 'promotional-email-create', 'web', '2022-11-03 09:28:48', '2022-11-03 09:28:48'),
(11, 'promotional-email-read', 'web', '2022-11-03 09:28:48', '2022-11-03 09:28:48'),
(12, 'supports-create', 'web', '2022-11-03 09:28:48', '2022-11-03 09:28:48'),
(13, 'supports-read', 'web', '2022-11-03 09:28:48', '2022-11-03 09:28:48'),
(14, 'supports-update', 'web', '2022-11-03 09:28:48', '2022-11-03 09:28:48'),
(15, 'supports-delete', 'web', '2022-11-03 09:28:48', '2022-11-03 09:28:48'),
(16, 'reports-read', 'web', '2022-11-03 09:28:48', '2022-11-03 09:28:48'),
(17, 'transactions-read', 'web', '2022-11-03 09:28:48', '2022-11-03 09:28:48'),
(18, 'payments-read', 'web', '2022-11-03 09:28:48', '2022-11-03 09:28:48'),
(19, 'invoices-read', 'web', '2022-11-03 09:28:48', '2022-11-03 09:28:48'),
(20, 'merchants-read', 'web', '2022-11-03 09:28:48', '2022-11-03 09:28:48'),
(21, 'category-read', 'web', '2022-11-03 09:28:48', '2022-11-03 09:28:48'),
(22, 'products-read', 'web', '2022-11-03 09:28:48', '2022-11-03 09:28:48'),
(23, 'deposits-read', 'web', '2022-11-03 09:28:48', '2022-11-03 09:28:48'),
(24, 'stores-read', 'web', '2022-11-03 09:28:48', '2022-11-03 09:28:48'),
(25, 'transfers-read', 'web', '2022-11-03 09:28:48', '2022-11-03 09:28:48'),
(26, 'money-requests-read', 'web', '2022-11-03 09:28:48', '2022-11-03 09:28:48'),
(27, 'payment-plans-read', 'web', '2022-11-03 09:28:48', '2022-11-03 09:28:48'),
(28, 'payouts-read', 'web', '2022-11-03 09:28:48', '2022-11-03 09:28:48'),
(29, 'banks-create', 'web', '2022-11-03 09:28:48', '2022-11-03 09:28:48'),
(30, 'banks-read', 'web', '2022-11-03 09:28:48', '2022-11-03 09:28:48'),
(31, 'banks-update', 'web', '2022-11-03 09:28:48', '2022-11-03 09:28:48'),
(32, 'banks-delete', 'web', '2022-11-03 09:28:48', '2022-11-03 09:28:48'),
(33, 'orders-read', 'web', '2022-11-03 09:28:48', '2022-11-03 09:28:48'),
(34, 'orders-update', 'web', '2022-11-03 09:28:48', '2022-11-03 09:28:48'),
(35, 'orders-delete', 'web', '2022-11-03 09:28:48', '2022-11-03 09:28:48'),
(36, 'currencies-create', 'web', '2022-11-03 09:28:48', '2022-11-03 09:28:48'),
(37, 'currencies-read', 'web', '2022-11-03 09:28:48', '2022-11-03 09:28:48'),
(38, 'currencies-update', 'web', '2022-11-03 09:28:48', '2022-11-03 09:28:48'),
(39, 'currencies-delete', 'web', '2022-11-03 09:28:48', '2022-11-03 09:28:48'),
(40, 'users-create', 'web', '2022-11-03 09:28:48', '2022-11-03 09:28:48'),
(41, 'users-read', 'web', '2022-11-03 09:28:48', '2022-11-03 09:28:48'),
(42, 'users-update', 'web', '2022-11-03 09:28:48', '2022-11-03 09:28:48'),
(43, 'users-delete', 'web', '2022-11-03 09:28:48', '2022-11-03 09:28:48'),
(44, 'kyc-methods-create', 'web', '2022-11-03 09:28:48', '2022-11-03 09:28:48'),
(45, 'kyc-methods-read', 'web', '2022-11-03 09:28:48', '2022-11-03 09:28:48'),
(46, 'kyc-methods-update', 'web', '2022-11-03 09:28:48', '2022-11-03 09:28:48'),
(47, 'kyc-methods-delete', 'web', '2022-11-03 09:28:48', '2022-11-03 09:28:48'),
(48, 'kyc-requests-create', 'web', '2022-11-03 09:28:48', '2022-11-03 09:28:48'),
(49, 'kyc-requests-read', 'web', '2022-11-03 09:28:48', '2022-11-03 09:28:48'),
(50, 'kyc-requests-update', 'web', '2022-11-03 09:28:48', '2022-11-03 09:28:48'),
(51, 'kyc-requests-delete', 'web', '2022-11-03 09:28:48', '2022-11-03 09:28:48'),
(52, 'media-create', 'web', '2022-11-03 09:28:48', '2022-11-03 09:28:48'),
(53, 'media-read', 'web', '2022-11-03 09:28:48', '2022-11-03 09:28:48'),
(54, 'media-update', 'web', '2022-11-03 09:28:48', '2022-11-03 09:28:48'),
(55, 'media-delete', 'web', '2022-11-03 09:28:48', '2022-11-03 09:28:48'),
(56, 'reviews-create', 'web', '2022-11-03 09:28:48', '2022-11-03 09:28:48'),
(57, 'reviews-read', 'web', '2022-11-03 09:28:48', '2022-11-03 09:28:48'),
(58, 'reviews-update', 'web', '2022-11-03 09:28:48', '2022-11-03 09:28:48'),
(59, 'reviews-delete', 'web', '2022-11-03 09:28:48', '2022-11-03 09:28:48'),
(60, 'blog-create', 'web', '2022-11-03 09:28:48', '2022-11-03 09:28:48'),
(61, 'blog-read', 'web', '2022-11-03 09:28:48', '2022-11-03 09:28:48'),
(62, 'blog-update', 'web', '2022-11-03 09:28:48', '2022-11-03 09:28:48'),
(63, 'blog-delete', 'web', '2022-11-03 09:28:48', '2022-11-03 09:28:48'),
(64, 'pages-create', 'web', '2022-11-03 09:28:48', '2022-11-03 09:28:48'),
(65, 'pages-read', 'web', '2022-11-03 09:28:48', '2022-11-03 09:28:48'),
(66, 'pages-update', 'web', '2022-11-03 09:28:48', '2022-11-03 09:28:48'),
(67, 'pages-delete', 'web', '2022-11-03 09:28:48', '2022-11-03 09:28:48'),
(68, 'website-read', 'web', '2022-11-03 09:28:48', '2022-11-03 09:28:48'),
(69, 'website-update', 'web', '2022-11-03 09:28:48', '2022-11-03 09:28:48'),
(70, 'settings-read', 'web', '2022-11-03 09:28:48', '2022-11-03 09:28:48'),
(71, 'languages-create', 'web', '2022-11-03 09:28:48', '2022-11-03 09:28:48'),
(72, 'languages-read', 'web', '2022-11-03 09:28:48', '2022-11-03 09:28:48'),
(73, 'languages-update', 'web', '2022-11-03 09:28:48', '2022-11-03 09:28:48'),
(74, 'languages-delete', 'web', '2022-11-03 09:28:48', '2022-11-03 09:28:48'),
(75, 'menus-create', 'web', '2022-11-03 09:28:48', '2022-11-03 09:28:48'),
(76, 'menus-read', 'web', '2022-11-03 09:28:48', '2022-11-03 09:28:48'),
(77, 'menus-update', 'web', '2022-11-03 09:28:48', '2022-11-03 09:28:48'),
(78, 'menus-delete', 'web', '2022-11-03 09:28:48', '2022-11-03 09:28:48'),
(79, 'seo-create', 'web', '2022-11-03 09:28:48', '2022-11-03 09:28:48'),
(80, 'seo-read', 'web', '2022-11-03 09:28:48', '2022-11-03 09:28:48'),
(81, 'seo-update', 'web', '2022-11-03 09:28:48', '2022-11-03 09:28:48'),
(82, 'seo-delete', 'web', '2022-11-03 09:28:48', '2022-11-03 09:28:48'),
(83, 'system-settings-read', 'web', '2022-11-03 09:28:48', '2022-11-03 09:28:48'),
(84, 'system-settings-update', 'web', '2022-11-03 09:28:48', '2022-11-03 09:28:48'),
(85, 'cron-settings-read', 'web', '2022-11-03 09:28:48', '2022-11-03 09:28:48'),
(86, 'cron-settings-update', 'web', '2022-11-03 09:28:48', '2022-11-03 09:28:48'),
(87, 'taxes-create', 'web', '2022-11-03 09:28:48', '2022-11-03 09:28:48'),
(88, 'taxes-read', 'web', '2022-11-03 09:28:48', '2022-11-03 09:28:48'),
(89, 'taxes-update', 'web', '2022-11-03 09:28:48', '2022-11-03 09:28:48'),
(90, 'taxes-delete', 'web', '2022-11-03 09:28:48', '2022-11-03 09:28:48'),
(91, 'gateways-create', 'web', '2022-11-03 09:28:48', '2022-11-03 09:28:48'),
(92, 'gateways-read', 'web', '2022-11-03 09:28:48', '2022-11-03 09:28:48'),
(93, 'gateways-update', 'web', '2022-11-03 09:28:48', '2022-11-03 09:28:48'),
(94, 'gateways-delete', 'web', '2022-11-03 09:28:48', '2022-11-03 09:28:48'),
(95, 'roles-create', 'web', '2022-11-03 09:28:48', '2022-11-03 09:28:48'),
(96, 'roles-read', 'web', '2022-11-03 09:28:48', '2022-11-03 09:28:48'),
(97, 'roles-update', 'web', '2022-11-03 09:28:48', '2022-11-03 09:28:48'),
(98, 'roles-delete', 'web', '2022-11-03 09:28:48', '2022-11-03 09:28:48'),
(99, 'roles-assign-read', 'web', '2022-11-03 09:28:48', '2022-11-03 09:28:48'),
(100, 'roles-assign-create', 'web', '2022-11-03 09:28:48', '2022-11-03 09:28:48');

-- --------------------------------------------------------

--
-- Table structure for table `personal_access_tokens`
--

CREATE TABLE `personal_access_tokens` (
  `id` bigint(20) UNSIGNED NOT NULL,
  `tokenable_type` varchar(191) COLLATE utf8mb4_unicode_ci NOT NULL,
  `tokenable_id` bigint(20) UNSIGNED NOT NULL,
  `name` varchar(191) COLLATE utf8mb4_unicode_ci NOT NULL,
  `token` varchar(64) COLLATE utf8mb4_unicode_ci NOT NULL,
  `abilities` text COLLATE utf8mb4_unicode_ci,
  `last_used_at` timestamp NULL DEFAULT NULL,
  `created_at` timestamp NULL DEFAULT NULL,
  `updated_at` timestamp NULL DEFAULT NULL
) ENGINE=InnoDB DEFAULT CHARSET=utf8mb4 COLLATE=utf8mb4_unicode_ci;

-- --------------------------------------------------------

--
-- Table structure for table `powers`
--

CREATE TABLE `powers` (
  `id` int(10) UNSIGNED NOT NULL,
  `name` varchar(191) COLLATE utf8mb4_unicode_ci DEFAULT NULL,
  `symbol` varchar(191) COLLATE utf8mb4_unicode_ci DEFAULT NULL,
  `image` varchar(99) COLLATE utf8mb4_unicode_ci DEFAULT NULL,
  `code` varchar(191) COLLATE utf8mb4_unicode_ci DEFAULT NULL,
  `billercode` varchar(99) COLLATE utf8mb4_unicode_ci DEFAULT NULL,
  `type` varchar(77) COLLATE utf8mb4_unicode_ci DEFAULT NULL,
  `status` tinyint(4) NOT NULL DEFAULT '0',
  `deleted_at` timestamp NULL DEFAULT NULL,
  `created_at` timestamp NULL DEFAULT NULL,
  `updated_at` timestamp NULL DEFAULT NULL
) ENGINE=InnoDB DEFAULT CHARSET=utf8mb4 COLLATE=utf8mb4_unicode_ci;

--
-- Dumping data for table `powers`
--

INSERT INTO `powers` (`id`, `name`, `symbol`, `image`, `code`, `billercode`, `type`, `status`, `deleted_at`, `created_at`, `updated_at`) VALUES
(1, 'Eko Electric', 'PHCN', 'ekedc.png', '01', 'eko-electric', 'Prepaid', 1, NULL, '2018-02-15 00:36:57', '2020-04-29 11:44:28'),
(2, 'Jos Electric', 'JED', 'jed2.png', '06', 'jos-electric', 'Prepaid', 1, NULL, '2018-02-15 00:36:57', '2020-09-29 17:48:39'),
(3, 'Kano Electric', 'KEDCO', 'kadco.png', '01', 'kano-electric', 'Prepaid', 1, NULL, '2018-02-15 00:36:57', '2020-04-29 11:44:28'),
(5, 'Port Harcourt Electric', 'PHED', 'phedc.jpg', '05', 'portharcourt-electric', NULL, 1, NULL, '2018-02-15 00:36:57', '2020-09-29 17:48:39'),
(6, 'Ibadan Electric', 'IBED', 'ibadan.png', '05', 'ibadan-electric', 'Prepaid', 1, NULL, '2018-02-15 00:36:57', '2020-09-29 17:48:39'),
(7, 'Kaduna Electric', 'KAD', 'kaduna.jpg', '05', 'kaduna-electric', 'Prepaid', 1, NULL, '2018-02-15 00:36:57', '2020-09-29 17:48:39'),
(9, 'Abuja Electric', 'ABEL', 'abuja.jpeg', '01', 'abuja-electric', 'Postpaid', 1, NULL, '2018-02-15 00:36:57', '2020-04-29 11:44:28'),
(11, 'Ikeja Electric ', 'IKEDC', 'ikedc.png', '02', 'ikeja-electric', 'Postpaid', 1, NULL, '2018-02-15 00:36:57', '2020-04-29 11:44:29');

-- --------------------------------------------------------

--
-- Table structure for table `products`
--

CREATE TABLE `products` (
  `id` bigint(20) UNSIGNED NOT NULL,
  `user_id` bigint(20) UNSIGNED NOT NULL,
  `category_id` bigint(20) UNSIGNED NOT NULL,
  `name` varchar(191) COLLATE utf8mb4_unicode_ci NOT NULL,
  `type` tinyint(1) NOT NULL,
  `link` text COLLATE utf8mb4_unicode_ci,
  `price` double DEFAULT NULL,
  `image` varchar(191) COLLATE utf8mb4_unicode_ci DEFAULT NULL,
  `quantity` int(11) DEFAULT NULL,
  `description` longtext COLLATE utf8mb4_unicode_ci,
  `confirmation_message` longtext COLLATE utf8mb4_unicode_ci,
  `created_at` timestamp NULL DEFAULT NULL,
  `updated_at` timestamp NULL DEFAULT NULL
) ENGINE=InnoDB DEFAULT CHARSET=utf8mb4 COLLATE=utf8mb4_unicode_ci;

-- --------------------------------------------------------

--
-- Table structure for table `product_categories`
--

CREATE TABLE `product_categories` (
  `id` bigint(20) UNSIGNED NOT NULL,
  `user_id` bigint(20) UNSIGNED NOT NULL,
  `title` varchar(191) COLLATE utf8mb4_unicode_ci NOT NULL,
  `created_at` timestamp NULL DEFAULT NULL,
  `updated_at` timestamp NULL DEFAULT NULL
) ENGINE=InnoDB DEFAULT CHARSET=utf8mb4 COLLATE=utf8mb4_unicode_ci;

-- --------------------------------------------------------

--
-- Table structure for table `product_storefront`
--

CREATE TABLE `product_storefront` (
  `storefront_id` bigint(20) UNSIGNED NOT NULL,
  `product_id` bigint(20) UNSIGNED NOT NULL
) ENGINE=InnoDB DEFAULT CHARSET=utf8mb4 COLLATE=utf8mb4_unicode_ci;

-- --------------------------------------------------------

--
-- Table structure for table `qrpayments`
--

CREATE TABLE `qrpayments` (
  `id` bigint(20) UNSIGNED NOT NULL,
  `invoice_no` varchar(191) COLLATE utf8mb4_unicode_ci NOT NULL,
  `seller_id` bigint(20) UNSIGNED NOT NULL,
  `gateway_id` bigint(20) UNSIGNED DEFAULT NULL,
  `currency_id` bigint(20) UNSIGNED DEFAULT NULL,
  `trx` varchar(191) COLLATE utf8mb4_unicode_ci DEFAULT NULL,
  `amount` double DEFAULT NULL,
  `charge` double DEFAULT NULL,
  `rate` double NOT NULL DEFAULT '1',
  `name` varchar(191) COLLATE utf8mb4_unicode_ci DEFAULT NULL,
  `email` varchar(191) COLLATE utf8mb4_unicode_ci DEFAULT NULL,
  `comment` text COLLATE utf8mb4_unicode_ci,
  `created_at` timestamp NULL DEFAULT NULL,
  `updated_at` timestamp NULL DEFAULT NULL
) ENGINE=InnoDB DEFAULT CHARSET=utf8mb4 COLLATE=utf8mb4_unicode_ci;

--
-- Dumping data for table `qrpayments`
--

INSERT INTO `qrpayments` (`id`, `invoice_no`, `seller_id`, `gateway_id`, `currency_id`, `trx`, `amount`, `charge`, `rate`, `name`, `email`, `comment`, `created_at`, `updated_at`) VALUES
(1, '0000001', 7, 8, NULL, '4002215', 100, NULL, 1, 'Gggg', 'jessica.adekule8419@gmail.com', 'asdf', '2022-12-05 19:30:55', '2022-12-05 19:30:55'),
(2, '0000002', 7, 8, NULL, '4002217', 700, NULL, 1, 'Bzbs', 'jessica.adekule8419@gmail.com', 'asdf', '2022-12-05 19:31:48', '2022-12-05 19:31:48'),
(3, '0000003', 3, 8, NULL, '167152183678', 245, NULL, 1, 'Tester', 'jessica.adekule8419@gmail.com', 'asdf', '2022-12-20 04:37:16', '2022-12-20 04:37:16'),
(4, '0000004', 3, 8, NULL, '167153494559', 360, NULL, 1, 'Rrrrr', 'jessica.adekule8419@gmail.com', 'asdf', '2022-12-20 08:15:45', '2022-12-20 08:15:45');

-- --------------------------------------------------------

--
-- Table structure for table `roles`
--

CREATE TABLE `roles` (
  `id` bigint(20) UNSIGNED NOT NULL,
  `name` varchar(191) COLLATE utf8mb4_unicode_ci NOT NULL,
  `guard_name` varchar(191) COLLATE utf8mb4_unicode_ci NOT NULL,
  `created_at` timestamp NULL DEFAULT NULL,
  `updated_at` timestamp NULL DEFAULT NULL
) ENGINE=InnoDB DEFAULT CHARSET=utf8mb4 COLLATE=utf8mb4_unicode_ci;

--
-- Dumping data for table `roles`
--

INSERT INTO `roles` (`id`, `name`, `guard_name`, `created_at`, `updated_at`) VALUES
(1, 'Admin', 'web', '2022-11-03 09:28:48', '2022-11-03 09:28:48'),
(2, 'Manager', 'web', '2022-11-03 09:28:48', '2022-11-03 09:28:48');

-- --------------------------------------------------------

--
-- Table structure for table `role_has_permissions`
--

CREATE TABLE `role_has_permissions` (
  `permission_id` bigint(20) UNSIGNED NOT NULL,
  `role_id` bigint(20) UNSIGNED NOT NULL
) ENGINE=InnoDB DEFAULT CHARSET=utf8mb4 COLLATE=utf8mb4_unicode_ci;

--
-- Dumping data for table `role_has_permissions`
--

INSERT INTO `role_has_permissions` (`permission_id`, `role_id`) VALUES
(1, 1),
(2, 1),
(3, 1),
(4, 1),
(5, 1),
(6, 1),
(7, 1),
(8, 1),
(9, 1),
(10, 1),
(11, 1),
(12, 1),
(13, 1),
(14, 1),
(15, 1),
(16, 1),
(17, 1),
(18, 1),
(19, 1),
(20, 1),
(21, 1),
(22, 1),
(23, 1),
(24, 1),
(25, 1),
(26, 1),
(27, 1),
(28, 1),
(29, 1),
(30, 1),
(31, 1),
(32, 1),
(33, 1),
(34, 1),
(35, 1),
(36, 1),
(37, 1),
(38, 1),
(39, 1),
(40, 1),
(41, 1),
(42, 1),
(43, 1),
(44, 1),
(45, 1),
(46, 1),
(47, 1),
(48, 1),
(49, 1),
(50, 1),
(51, 1),
(52, 1),
(53, 1),
(54, 1),
(55, 1),
(56, 1),
(57, 1),
(58, 1),
(59, 1),
(60, 1),
(61, 1),
(62, 1),
(63, 1),
(64, 1),
(65, 1),
(66, 1),
(67, 1),
(68, 1),
(69, 1),
(70, 1),
(71, 1),
(72, 1),
(73, 1),
(74, 1),
(75, 1),
(76, 1),
(77, 1),
(78, 1),
(79, 1),
(80, 1),
(81, 1),
(82, 1),
(83, 1),
(84, 1),
(85, 1),
(86, 1),
(87, 1),
(88, 1),
(89, 1),
(90, 1),
(91, 1),
(92, 1),
(93, 1),
(94, 1),
(95, 1),
(96, 1),
(97, 1),
(98, 1),
(99, 1),
(100, 1),
(1, 2),
(2, 2),
(3, 2),
(4, 2),
(5, 2),
(6, 2),
(7, 2),
(8, 2),
(9, 2),
(10, 2),
(11, 2),
(12, 2),
(13, 2),
(14, 2),
(15, 2),
(16, 2),
(17, 2),
(18, 2),
(19, 2),
(20, 2),
(22, 2),
(23, 2),
(24, 2),
(26, 2),
(27, 2),
(28, 2),
(29, 2),
(30, 2),
(31, 2),
(32, 2),
(33, 2),
(34, 2),
(35, 2),
(36, 2),
(37, 2),
(38, 2),
(39, 2),
(40, 2),
(41, 2),
(42, 2),
(43, 2),
(44, 2),
(45, 2),
(46, 2),
(47, 2),
(49, 2),
(50, 2),
(51, 2);

-- --------------------------------------------------------

--
-- Table structure for table `shippings`
--

CREATE TABLE `shippings` (
  `id` bigint(20) UNSIGNED NOT NULL,
  `user_id` bigint(20) UNSIGNED NOT NULL,
  `region` varchar(191) COLLATE utf8mb4_unicode_ci NOT NULL,
  `amount` double NOT NULL,
  `created_at` timestamp NULL DEFAULT NULL,
  `updated_at` timestamp NULL DEFAULT NULL
) ENGINE=InnoDB DEFAULT CHARSET=utf8mb4 COLLATE=utf8mb4_unicode_ci;

-- --------------------------------------------------------

--
-- Table structure for table `singlechargeorders`
--

CREATE TABLE `singlechargeorders` (
  `id` bigint(20) UNSIGNED NOT NULL,
  `invoice_no` varchar(191) COLLATE utf8mb4_unicode_ci NOT NULL,
  `trx` varchar(191) COLLATE utf8mb4_unicode_ci DEFAULT NULL,
  `amount` double DEFAULT NULL,
  `charge` double DEFAULT NULL,
  `rate` int(11) DEFAULT NULL,
  `name` varchar(191) COLLATE utf8mb4_unicode_ci DEFAULT NULL,
  `email` varchar(191) COLLATE utf8mb4_unicode_ci DEFAULT NULL,
  `status` int(11) NOT NULL DEFAULT '1',
  `user_id` bigint(20) UNSIGNED NOT NULL,
  `gateway_id` bigint(20) UNSIGNED NOT NULL,
  `singlecharge_id` bigint(20) UNSIGNED NOT NULL,
  `currency_id` bigint(20) UNSIGNED NOT NULL,
  `created_at` timestamp NULL DEFAULT NULL,
  `updated_at` timestamp NULL DEFAULT NULL
) ENGINE=InnoDB DEFAULT CHARSET=utf8mb4 COLLATE=utf8mb4_unicode_ci;

--
-- Dumping data for table `singlechargeorders`
--

INSERT INTO `singlechargeorders` (`id`, `invoice_no`, `trx`, `amount`, `charge`, `rate`, `name`, `email`, `status`, `user_id`, `gateway_id`, `singlecharge_id`, `currency_id`, `created_at`, `updated_at`) VALUES
(1, '0000001', '4022450', 96, 4, 1, 'Admin', 'admin@admin.com', 1, 7, 8, 1, 5, '2022-12-14 08:42:44', '2022-12-14 08:42:44'),
(2, '0000002', '4022477', 96, 4, 1, 'Admin', 'morrisrobert716@gmail.com', 1, 7, 8, 1, 5, '2022-12-14 08:45:06', '2022-12-14 08:45:06'),
(3, '0000003', '4022480', 96, 4, 1, 'Parca Escar', 'midecoder01@gmail.com', 1, 7, 8, 1, 5, '2022-12-14 08:46:03', '2022-12-14 08:46:03'),
(4, '0000004', '167152121495', 96, 4, 1, 'Crystel Turner', 'swagtohbad@gmail.com', 1, 3, 8, 47392851, 5, '2022-12-20 04:26:54', '2022-12-20 04:26:54'),
(5, '0000005', '167152126540', 384, 16, 1, 'Hhgg', 'swagtohbad@gmail.com', 1, 3, 8, 47392851, 5, '2022-12-20 04:27:45', '2022-12-20 04:27:45');

-- --------------------------------------------------------

--
-- Table structure for table `singlecharges`
--

CREATE TABLE `singlecharges` (
  `id` bigint(20) UNSIGNED NOT NULL,
  `uuid` char(36) COLLATE utf8mb4_unicode_ci NOT NULL,
  `user_id` bigint(20) UNSIGNED DEFAULT NULL,
  `currency_id` bigint(20) UNSIGNED DEFAULT NULL,
  `title` varchar(191) COLLATE utf8mb4_unicode_ci DEFAULT NULL,
  `amount` double DEFAULT NULL,
  `meta` text COLLATE utf8mb4_unicode_ci,
  `status` int(11) NOT NULL DEFAULT '1',
  `created_at` timestamp NULL DEFAULT NULL,
  `updated_at` timestamp NULL DEFAULT NULL
) ENGINE=InnoDB DEFAULT CHARSET=utf8mb4 COLLATE=utf8mb4_unicode_ci;

--
-- Dumping data for table `singlecharges`
--

INSERT INTO `singlecharges` (`id`, `uuid`, `user_id`, `currency_id`, `title`, `amount`, `meta`, `status`, `created_at`, `updated_at`) VALUES
(1, '5eba71ff-c2f9-48e7-a8b5-20bf924456fa', 7, 5, 'khjhjh', 100, '{\"description\":\"hhh\",\"redirect_url\":null}', 1, '2022-11-23 23:01:46', '2022-11-23 23:01:46'),
(2, 'fd9e6a50-fa58-4dcb-920c-43ad18529ed8', 3, 2, 'ffdddd', NULL, '{\"description\":\"dddd\",\"redirect_url\":null}', 1, '2022-12-18 09:40:02', '2022-12-18 09:40:02'),
(91, 'eb8c1a87-0b49-4f72-a877-3b12e3c81dc8', 9, 5, 'TEST TST', 200, '{\"description\":\"homeee\",\"redirect_url\":null}', 1, '2022-12-20 10:11:51', '2022-12-20 10:11:51'),
(47392851, '3c711256-f4eb-4adb-97b3-38fd542bbdeb', 3, 2, 'ffdddd', NULL, '{\"description\":\"dddd\",\"redirect_url\":null}', 1, '2022-12-18 09:40:04', '2022-12-18 09:40:04'),
(47392852, 'b25b652e-b739-494a-8066-23e33c99fbd6', 12, 5, 'Yusufa lapy', 1000, '{\"description\":\"Yusuf Laptop\",\"redirect_url\":null}', 1, '2023-01-12 17:21:45', '2023-01-12 17:21:45');

-- --------------------------------------------------------

--
-- Table structure for table `storefronts`
--

CREATE TABLE `storefronts` (
  `id` bigint(20) UNSIGNED NOT NULL,
  `user_id` bigint(20) UNSIGNED NOT NULL,
  `name` varchar(191) COLLATE utf8mb4_unicode_ci NOT NULL,
  `image` varchar(191) COLLATE utf8mb4_unicode_ci DEFAULT NULL,
  `description` longtext COLLATE utf8mb4_unicode_ci,
  `status` tinyint(1) NOT NULL DEFAULT '1',
  `product_type` tinyint(1) DEFAULT NULL,
  `shipping_status` tinyint(1) NOT NULL DEFAULT '1',
  `note_status` int(11) NOT NULL DEFAULT '1',
  `created_at` timestamp NULL DEFAULT NULL,
  `updated_at` timestamp NULL DEFAULT NULL
) ENGINE=InnoDB DEFAULT CHARSET=utf8mb4 COLLATE=utf8mb4_unicode_ci;

-- --------------------------------------------------------

--
-- Table structure for table `supports`
--

CREATE TABLE `supports` (
  `id` bigint(20) UNSIGNED NOT NULL,
  `ticket_no` bigint(20) UNSIGNED NOT NULL,
  `subject` varchar(191) COLLATE utf8mb4_unicode_ci NOT NULL,
  `reference_code` varchar(191) COLLATE utf8mb4_unicode_ci DEFAULT NULL,
  `priority` varchar(191) COLLATE utf8mb4_unicode_ci NOT NULL,
  `type` varchar(191) COLLATE utf8mb4_unicode_ci NOT NULL,
  `details` text COLLATE utf8mb4_unicode_ci NOT NULL,
  `images` json NOT NULL,
  `status` tinyint(1) NOT NULL DEFAULT '0',
  `user_id` bigint(20) UNSIGNED NOT NULL,
  `created_at` timestamp NULL DEFAULT NULL,
  `updated_at` timestamp NULL DEFAULT NULL
) ENGINE=InnoDB DEFAULT CHARSET=utf8mb4 COLLATE=utf8mb4_unicode_ci;

--
-- Dumping data for table `supports`
--

INSERT INTO `supports` (`id`, `ticket_no`, `subject`, `reference_code`, `priority`, `type`, `details`, `images`, `status`, `user_id`, `created_at`, `updated_at`) VALUES
(1, 1, 'Test', 'Testing', 'High', 'bank_transfer', 'Hsjnsisjiiz njak', '[\"uploads/12/23/01/1673555491.jpg\"]', 0, 12, '2023-01-12 17:31:31', '2023-01-12 17:31:31');

-- --------------------------------------------------------

--
-- Table structure for table `support_metas`
--

CREATE TABLE `support_metas` (
  `id` bigint(20) UNSIGNED NOT NULL,
  `type` int(11) NOT NULL DEFAULT '1',
  `comment` text COLLATE utf8mb4_unicode_ci NOT NULL,
  `support_id` bigint(20) UNSIGNED NOT NULL,
  `sender_id` bigint(20) UNSIGNED NOT NULL,
  `created_at` timestamp NULL DEFAULT NULL,
  `updated_at` timestamp NULL DEFAULT NULL
) ENGINE=InnoDB DEFAULT CHARSET=utf8mb4 COLLATE=utf8mb4_unicode_ci;

-- --------------------------------------------------------

--
-- Table structure for table `taxes`
--

CREATE TABLE `taxes` (
  `id` bigint(20) UNSIGNED NOT NULL,
  `name` varchar(191) COLLATE utf8mb4_unicode_ci NOT NULL,
  `rate` double NOT NULL,
  `type` varchar(191) COLLATE utf8mb4_unicode_ci DEFAULT NULL,
  `status` tinyint(1) NOT NULL DEFAULT '1',
  `created_at` timestamp NULL DEFAULT NULL,
  `updated_at` timestamp NULL DEFAULT NULL
) ENGINE=InnoDB DEFAULT CHARSET=utf8mb4 COLLATE=utf8mb4_unicode_ci;

-- --------------------------------------------------------

--
-- Table structure for table `temporary_files`
--

CREATE TABLE `temporary_files` (
  `id` bigint(20) UNSIGNED NOT NULL,
  `folder` varchar(191) COLLATE utf8mb4_unicode_ci NOT NULL,
  `filename` varchar(191) COLLATE utf8mb4_unicode_ci NOT NULL,
  `driver` varchar(191) COLLATE utf8mb4_unicode_ci NOT NULL DEFAULT 'local',
  `created_at` timestamp NULL DEFAULT NULL,
  `updated_at` timestamp NULL DEFAULT NULL
) ENGINE=InnoDB DEFAULT CHARSET=utf8mb4 COLLATE=utf8mb4_unicode_ci;

-- --------------------------------------------------------

--
-- Table structure for table `termcategories`
--

CREATE TABLE `termcategories` (
  `term_id` bigint(20) UNSIGNED NOT NULL,
  `category_id` bigint(20) UNSIGNED NOT NULL
) ENGINE=InnoDB DEFAULT CHARSET=utf8mb4 COLLATE=utf8mb4_unicode_ci;

-- --------------------------------------------------------

--
-- Table structure for table `terms`
--

CREATE TABLE `terms` (
  `id` bigint(20) UNSIGNED NOT NULL,
  `title` varchar(191) COLLATE utf8mb4_unicode_ci NOT NULL,
  `slug` varchar(191) COLLATE utf8mb4_unicode_ci NOT NULL,
  `type` varchar(191) COLLATE utf8mb4_unicode_ci NOT NULL,
  `status` int(11) NOT NULL DEFAULT '1',
  `featured` int(11) NOT NULL DEFAULT '0',
  `lang` varchar(191) COLLATE utf8mb4_unicode_ci NOT NULL DEFAULT 'en',
  `comment_status` int(11) NOT NULL DEFAULT '0',
  `meta` json DEFAULT NULL,
  `created_at` timestamp NULL DEFAULT NULL,
  `updated_at` timestamp NULL DEFAULT NULL
) ENGINE=InnoDB DEFAULT CHARSET=utf8mb4 COLLATE=utf8mb4_unicode_ci;

--
-- Dumping data for table `terms`
--

INSERT INTO `terms` (`id`, `title`, `slug`, `type`, `status`, `featured`, `lang`, `comment_status`, `meta`, `created_at`, `updated_at`) VALUES
(1, 'How To Attract Top Talent In Competitive Industries', 'how-to-attract-top-talent-in-competitive-industries', 'blog', 1, 1, 'en', 1, NULL, '2022-07-31 11:59:43', '2022-07-31 11:59:43'),
(2, '5 New Insights You Should Know', '5-new-insights-you-should-know', 'blog', 1, 1, 'en', 1, NULL, '2022-07-31 12:00:23', '2022-07-31 12:00:23'),
(3, 'Monteno How to make blockcahin', 'monteno-how-to-make-blockcahin', 'blog', 1, 1, 'en', 1, NULL, '2022-07-31 12:00:56', '2022-07-31 12:00:56');

-- --------------------------------------------------------

--
-- Table structure for table `term_metas`
--

CREATE TABLE `term_metas` (
  `id` bigint(20) UNSIGNED NOT NULL,
  `term_id` bigint(20) UNSIGNED NOT NULL,
  `key` varchar(191) COLLATE utf8mb4_unicode_ci NOT NULL,
  `value` text COLLATE utf8mb4_unicode_ci
) ENGINE=InnoDB DEFAULT CHARSET=utf8mb4 COLLATE=utf8mb4_unicode_ci;

--
-- Dumping data for table `term_metas`
--

INSERT INTO `term_metas` (`id`, `term_id`, `key`, `value`) VALUES
(1, 1, 'excerpt', 'Dolor sit amet consectetur adipisicing elit. Eligendi ab illo ad incidunt unde cumque magnam iure numquam sed dicta voluptatum corrupti nulla non culpa vitae velit, quae autem facilis nam in. Debitis recusandae ratione molestiae facere voluptatibus quo ipsum modi sapiente incidunt minima, reprehenderit, id harum sequi illo eius? Lorem ipsum dolor sit amet consectetur adipisicing elit. Delectus facilis minima amet provident dolorum. Odit explicabo sint rerum dicta ab asperiores voluptas! Excepturi, ad eligendi?'),
(4, 1, 'preview', 'uploads/1/22/07/62e681659c5b43107221659273573.jpg'),
(5, 1, 'description', '<p style=\"margin-right: 0px; margin-left: 0px; padding: 0px; line-height: 1.7; color: rgb(33, 37, 41); font-size: 16px; font-family: &quot;Noto Sans&quot;, sans-serif;\">Dolor sit amet consectetur adipisicing elit. Eligendi ab illo ad incidunt unde cumque magnam iure numquam sed dicta voluptatum corrupti nulla non culpa vitae velit, quae autem facilis nam in. Debitis recusandae ratione molestiae facere voluptatibus quo ipsum modi sapiente incidunt minima, reprehenderit, id harum sequi illo eius? Lorem ipsum dolor sit amet consectetur adipisicing elit. Delectus facilis minima amet provident dolorum. Odit explicabo sint rerum dicta ab asperiores voluptas! Excepturi, ad eligendi?</p><blockquote class=\"text-center\" style=\"padding: 0px; color: rgb(33, 37, 41); font-family: &quot;Noto Sans&quot;, sans-serif; font-style: normal; letter-spacing: normal; background-color: rgb(255, 255, 255);\"><h2 class=\"block-code-text\" style=\"margin: 40px 0px; padding: 0px; font-weight: 400; line-height: 1.5; font-size: 28px; font-family: Chivo, sans-serif; color: rgb(50, 50, 93); text-transform: capitalize; letter-spacing: 1px;\"> Theres Going After Top Talent, And Then Theres Going After Top Talent Within Highly-Competitive Industries. </h2></blockquote><p class=\"mb-30\" style=\"margin-right: 0px; margin-bottom: 30px; margin-left: 0px; padding: 0px; line-height: 1.7; color: rgb(33, 37, 41); font-size: 16px; font-family: &quot;Noto Sans&quot;, sans-serif;\">Amet consectetur adipisicing elit. Eligendi ab illo ad incidunt unde cumque magnam iure numquam sed dicta voluptatum corrupti nulla non culpa vitae velit, quae autem facilis nam in. Debitis recusandae ratione molestiae facere voluptatibus quo ipsum modi sapiente incidunt minima, reprehenderit, id harum sequi illo eius? Lorem ipsum dolor sit amet consectetur adipisicing elit. Commodi, sunt aperiam libero dolore perspiciatis excepturi exercitationem alias dolorum architecto deserunt.</p>'),
(6, 2, 'excerpt', 'Dolor sit amet consectetur adipisicing elit. Eligendi ab illo ad incidunt unde cumque magnam iure numquam sed dicta voluptatum corrupti nulla non culpa vitae velit, quae autem facilis nam in. Debitis recusandae ratione molestiae facere voluptatibus quo ipsum modi sapiente incidunt minima, reprehenderit, id harum sequi illo eius? Lorem ipsum dolor sit amet consectetur adipisicing elit. Delectus facilis minima amet provident dolorum. Odit explicabo sint rerum dicta ab asperiores voluptas! Excepturi, ad eligendi?'),
(7, 2, 'metatag', NULL),
(8, 2, 'metadescription', NULL),
(9, 2, 'preview', 'uploads/1/22/07/62e68165722793107221659273573.jpg'),
(10, 2, 'description', '<p style=\"margin-right: 0px; margin-left: 0px; padding: 0px; line-height: 1.7; color: rgb(33, 37, 41); font-size: 16px; font-family: &quot;Noto Sans&quot;, sans-serif;\">Dolor sit amet consectetur adipisicing elit. Eligendi ab illo ad incidunt unde cumque magnam iure numquam sed dicta voluptatum corrupti nulla non culpa vitae velit, quae autem facilis nam in. Debitis recusandae ratione molestiae facere voluptatibus quo ipsum modi sapiente incidunt minima, reprehenderit, id harum sequi illo eius? Lorem ipsum dolor sit amet consectetur adipisicing elit. Delectus facilis minima amet provident dolorum. Odit explicabo sint rerum dicta ab asperiores voluptas! Excepturi, ad eligendi?</p><blockquote class=\"text-center\" style=\"padding: 0px; color: rgb(33, 37, 41); font-family: &quot;Noto Sans&quot;, sans-serif; font-style: normal; letter-spacing: normal; background-color: rgb(255, 255, 255);\"><h2 class=\"block-code-text\" style=\"margin: 40px 0px; padding: 0px; font-weight: 400; line-height: 1.5; font-size: 28px; font-family: Chivo, sans-serif; color: rgb(50, 50, 93); text-transform: capitalize; letter-spacing: 1px;\"> Theres Going After Top Talent, And Then Theres Going After Top Talent Within Highly-Competitive Industries. </h2></blockquote><p class=\"mb-30\" style=\"margin-right: 0px; margin-bottom: 30px; margin-left: 0px; padding: 0px; line-height: 1.7; color: rgb(33, 37, 41); font-size: 16px; font-family: &quot;Noto Sans&quot;, sans-serif;\">Amet consectetur adipisicing elit. Eligendi ab illo ad incidunt unde cumque magnam iure numquam sed dicta voluptatum corrupti nulla non culpa vitae velit, quae autem facilis nam in. Debitis recusandae ratione molestiae facere voluptatibus quo ipsum modi sapiente incidunt minima, reprehenderit, id harum sequi illo eius? Lorem ipsum dolor sit amet consectetur adipisicing elit. Commodi, sunt aperiam libero dolore perspiciatis excepturi exercitationem alias dolorum architecto deserunt.</p>'),
(11, 3, 'excerpt', 'Dolor sit amet consectetur adipisicing elit. Eligendi ab illo ad incidunt unde cumque magnam iure numquam sed dicta voluptatum corrupti nulla non culpa vitae velit, quae autem facilis nam in. Debitis recusandae ratione molestiae facere voluptatibus quo ipsum modi sapiente incidunt minima, reprehenderit, id harum sequi illo eius? Lorem ipsum dolor sit amet consectetur adipisicing elit. Delectus facilis minima amet provident dolorum. Odit explicabo sint rerum dicta ab asperiores voluptas! Excepturi, ad eligendi?'),
(12, 3, 'metatag', NULL),
(13, 3, 'metadescription', NULL),
(14, 3, 'preview', 'uploads/1/22/07/62e6816541fb23107221659273573.jpg'),
(15, 3, 'description', '<p style=\"margin-right: 0px; margin-left: 0px; padding: 0px; line-height: 1.7; color: rgb(33, 37, 41); font-size: 16px; font-family: &quot;Noto Sans&quot;, sans-serif;\">Dolor sit amet consectetur adipisicing elit. Eligendi ab illo ad incidunt unde cumque magnam iure numquam sed dicta voluptatum corrupti nulla non culpa vitae velit, quae autem facilis nam in. Debitis recusandae ratione molestiae facere voluptatibus quo ipsum modi sapiente incidunt minima, reprehenderit, id harum sequi illo eius? Lorem ipsum dolor sit amet consectetur adipisicing elit. Delectus facilis minima amet provident dolorum. Odit explicabo sint rerum dicta ab asperiores voluptas! Excepturi, ad eligendi?</p><blockquote class=\"text-center\" style=\"padding: 0px; color: rgb(33, 37, 41); font-family: &quot;Noto Sans&quot;, sans-serif; font-style: normal; letter-spacing: normal; background-color: rgb(255, 255, 255);\"><h2 class=\"block-code-text\" style=\"margin: 40px 0px; padding: 0px; font-weight: 400; line-height: 1.5; font-size: 28px; font-family: Chivo, sans-serif; color: rgb(50, 50, 93); text-transform: capitalize; letter-spacing: 1px;\"> Theres Going After Top Talent, And Then Theres Going After Top Talent Within Highly-Competitive Industries. </h2></blockquote><p class=\"mb-30\" style=\"margin-right: 0px; margin-bottom: 30px; margin-left: 0px; padding: 0px; line-height: 1.7; color: rgb(33, 37, 41); font-size: 16px; font-family: &quot;Noto Sans&quot;, sans-serif;\">Amet consectetur adipisicing elit. Eligendi ab illo ad incidunt unde cumque magnam iure numquam sed dicta voluptatum corrupti nulla non culpa vitae velit, quae autem facilis nam in. Debitis recusandae ratione molestiae facere voluptatibus quo ipsum modi sapiente incidunt minima, reprehenderit, id harum sequi illo eius? Lorem ipsum dolor sit amet consectetur adipisicing elit. Commodi, sunt aperiam libero dolore perspiciatis excepturi exercitationem alias dolorum architecto deserunt.</p>');

-- --------------------------------------------------------

--
-- Table structure for table `transactions`
--

CREATE TABLE `transactions` (
  `id` bigint(20) UNSIGNED NOT NULL,
  `invoice_no` varchar(191) COLLATE utf8mb4_unicode_ci DEFAULT NULL,
  `user_id` bigint(20) UNSIGNED DEFAULT NULL,
  `currency_id` bigint(20) UNSIGNED DEFAULT NULL,
  `amount` double DEFAULT NULL,
  `total` double DEFAULT NULL,
  `sender_id` varchar(300) COLLATE utf8mb4_unicode_ci DEFAULT NULL,
  `receiver_id` varchar(300) COLLATE utf8mb4_unicode_ci DEFAULT NULL,
  `trx` varchar(300) COLLATE utf8mb4_unicode_ci DEFAULT NULL,
  `status` varchar(300) COLLATE utf8mb4_unicode_ci DEFAULT NULL,
  `feature` varchar(300) COLLATE utf8mb4_unicode_ci DEFAULT NULL,
  `rate` double DEFAULT NULL,
  `charge` double DEFAULT NULL,
  `reason` varchar(191) COLLATE utf8mb4_unicode_ci DEFAULT NULL,
  `type` varchar(191) COLLATE utf8mb4_unicode_ci DEFAULT NULL,
  `name` varchar(191) COLLATE utf8mb4_unicode_ci DEFAULT NULL,
  `email` varchar(191) COLLATE utf8mb4_unicode_ci DEFAULT NULL,
  `created_at` timestamp NULL DEFAULT NULL,
  `updated_at` timestamp NULL DEFAULT NULL
) ENGINE=InnoDB DEFAULT CHARSET=utf8mb4 COLLATE=utf8mb4_unicode_ci;

--
-- Dumping data for table `transactions`
--

INSERT INTO `transactions` (`id`, `invoice_no`, `user_id`, `currency_id`, `amount`, `total`, `sender_id`, `receiver_id`, `trx`, `status`, `feature`, `rate`, `charge`, `reason`, `type`, `name`, `email`, `created_at`, `updated_at`) VALUES
(1, '0000001', 5, 5, 50, NULL, NULL, NULL, NULL, '', NULL, 1, NULL, 'Deposite.', 'credit', 'Amusa Oluwatosin', 'Amusa Oluwatosin', '2022-11-03 10:31:24', '2022-11-03 10:31:24'),
(2, '0000002', 6, 5, 300, NULL, NULL, NULL, NULL, '', NULL, 1, NULL, 'Deposite.', 'credit', 'Morris Robert', 'Morris Robert', '2022-11-04 14:43:27', '2022-11-04 14:43:27'),
(3, '0000003', 6, 5, -43.5, NULL, NULL, NULL, NULL, '', NULL, NULL, 6.5, 'Transfer money', 'debit', 'Morris Robert', 'yexomap548@keshitv.com', '2022-11-04 16:05:30', '2022-11-04 16:05:30'),
(4, '0000004', 3, 2, 43.5, NULL, NULL, NULL, NULL, '', NULL, NULL, NULL, 'Transfer money received', 'credit', 'Crystel Turner', 'swagtohbad@gmail.com', '2022-11-04 16:08:30', '2022-11-04 16:08:30'),
(5, '0000005', 3, 2, 0, NULL, NULL, NULL, NULL, '', NULL, NULL, 5.06, 'Transfer money', 'debit', 'Crystel Turner', 'swagtohbad@gmail.com', '2022-11-04 16:45:33', '2022-11-04 16:45:33'),
(6, '0000006', 3, 2, -92, NULL, NULL, NULL, NULL, '', NULL, NULL, 8, 'Transfer money', 'debit', 'Crystel Turner', 'swagtohbad@gmail.com', '2022-11-04 16:47:32', '2022-11-04 16:47:32'),
(7, '0000007', 3, 2, 0, NULL, NULL, NULL, NULL, '', NULL, NULL, 5.15, 'Transfer money', 'debit', 'Crystel Turner', 'swagtohbad@gmail.com', '2022-11-04 16:51:29', '2022-11-04 16:51:29'),
(8, '0000008', 3, 2, -43.5, NULL, NULL, NULL, NULL, '', NULL, NULL, 6.5, 'Transfer money', 'debit', 'Crystel Turner', 'swagtohbad@gmail.com', '2022-11-04 16:55:40', '2022-11-04 16:55:40'),
(9, '0000009', 3, 2, 0, NULL, NULL, NULL, NULL, '', NULL, NULL, 5.15, 'Transfer money', 'debit', 'Crystel Turner', 'swagtohbad@gmail.com', '2022-11-04 17:31:22', '2022-11-04 17:31:22'),
(10, '0000010', 3, 2, 0, NULL, NULL, NULL, NULL, '', NULL, NULL, 5.12, 'Transfer money', 'debit', 'Crystel Turner', 'swagtohbad@gmail.com', '2022-11-04 17:31:52', '2022-11-04 17:31:52'),
(11, '0000011', 3, 2, 0, NULL, NULL, NULL, NULL, '', NULL, NULL, 5.09, 'Transfer money', 'debit', 'Crystel Turner', 'swagtohbad@gmail.com', '2022-11-04 17:51:40', '2022-11-04 17:51:40'),
(12, '0000012', 3, 2, 1000, NULL, NULL, NULL, NULL, '', NULL, 1, NULL, 'Deposite.', 'credit', 'Crystel Turner', 'Crystel Turner', '2022-11-04 18:08:39', '2022-11-04 18:08:39'),
(13, '0000013', 6, 5, -43.5, NULL, NULL, NULL, NULL, '', NULL, NULL, 6.5, 'Transfer money', 'debit', 'Morris Robert', 'swagtohbad@gmail.com', '2022-11-04 18:24:37', '2022-11-04 18:24:37'),
(14, '0000014', 6, 5, -92, NULL, NULL, NULL, NULL, '', NULL, NULL, 8, 'Transfer money', 'debit', 'Morris Robert', 'charles.thompson0101@gmail.com', '2022-11-04 18:26:25', '2022-11-04 18:26:25'),
(15, '0000015', 7, 5, 92, NULL, NULL, NULL, NULL, '', NULL, NULL, NULL, 'Transfer money received', 'credit', 'Parca Escar', 'charles.thompson0101@gmail.com', '2022-11-04 18:28:38', '2022-11-04 18:28:38'),
(16, '0000016', 7, 5, 100, NULL, NULL, NULL, NULL, '', NULL, 1, NULL, 'Deposite.', 'credit', 'Parca Escar', 'Parca Escar', '2022-11-04 18:41:18', '2022-11-04 18:41:18'),
(17, '0000017', 3, 2, 1000, NULL, NULL, NULL, '3922312', '1', 'Deposit', 1, NULL, NULL, 'credit', '5', 'Crystel Turner', '2022-11-05 01:46:48', '2022-11-05 01:46:48'),
(18, '0000018', 7, 5, 200, 0, NULL, NULL, '3923101', '1', 'Deposit', 1, 0, NULL, 'credit', '5', 'Parca Escar', '2022-11-05 09:10:35', '2022-11-05 09:10:35'),
(19, '0000019', 7, 5, 500, 0, NULL, NULL, '3923481', '1', 'Deposit', 1, 0, NULL, 'credit', '5', 'Parca Escar', '2022-11-05 13:13:30', '2022-11-05 13:13:30'),
(20, '0000020', NULL, 5, 98, NULL, NULL, NULL, NULL, NULL, NULL, 1, 2, 'Payment received from Gggg', 'credit', 'Gggg', 'jessica.adekule8419@gmail.com', '2022-12-05 19:30:55', '2022-12-05 19:30:55'),
(21, '0000021', NULL, 5, 686, NULL, NULL, NULL, NULL, NULL, NULL, 1, 14, 'Payment received from Bzbs', 'credit', 'Bzbs', 'jessica.adekule8419@gmail.com', '2022-12-05 19:31:48', '2022-12-05 19:31:48'),
(22, '0000022', 1, 5, -100, NULL, NULL, NULL, NULL, NULL, NULL, 1, NULL, 'Payment sent to Parca Escar', 'debit', 'Admin', 'admin@admin.com', '2022-12-14 08:42:44', '2022-12-14 08:42:44'),
(23, '0000023', 7, 5, 96, NULL, NULL, NULL, NULL, NULL, NULL, 1, 4, 'Payment received from Admin', 'credit', 'Admin', 'admin@admin.com', '2022-12-14 08:42:44', '2022-12-14 08:42:44'),
(24, '0000024', 1, 5, -100, NULL, NULL, NULL, NULL, NULL, NULL, 1, NULL, 'Payment sent to Parca Escar', 'debit', 'Admin', 'morrisrobert716@gmail.com', '2022-12-14 08:45:06', '2022-12-14 08:45:06'),
(25, '0000025', 7, 5, 96, NULL, NULL, NULL, NULL, NULL, NULL, 1, 4, 'Payment received from Admin', 'credit', 'Admin', 'morrisrobert716@gmail.com', '2022-12-14 08:45:06', '2022-12-14 08:45:06'),
(26, '0000026', 7, 5, 96, NULL, NULL, NULL, NULL, NULL, NULL, 1, 4, 'Payment received from Parca Escar', 'credit', 'Parca Escar', 'midecoder01@gmail.com', '2022-12-14 08:46:03', '2022-12-14 08:46:03'),
(27, '0000027', 5, 5, -2.09, NULL, NULL, NULL, NULL, NULL, NULL, NULL, NULL, 'Transfer money received', 'credit', 'Amusa Oluwatosin', 'midecoder01@gmail.com', '2022-12-18 03:44:53', '2022-12-18 03:44:53'),
(28, '0000028', 5, 5, -2.09, NULL, NULL, NULL, NULL, NULL, NULL, NULL, NULL, 'Transfer money received', 'credit', 'Amusa Oluwatosin', 'midecoder01@gmail.com', '2022-12-18 03:44:55', '2022-12-18 03:44:55'),
(29, '0000029', 5, 5, -1.12, NULL, NULL, NULL, NULL, NULL, NULL, NULL, NULL, 'Transfer money received', 'credit', 'Amusa Oluwatosin', 'midecoder01@gmail.com', '2022-12-18 03:45:27', '2022-12-18 03:45:27'),
(30, '0000030', 5, 5, 43.5, NULL, NULL, NULL, NULL, NULL, NULL, NULL, NULL, 'Transfer money received', 'credit', 'Amusa Oluwatosin', 'midecoder01@gmail.com', '2022-12-18 04:00:37', '2022-12-18 04:00:37'),
(31, '0000031', 3, 2, 43.5, NULL, NULL, NULL, NULL, NULL, NULL, NULL, NULL, 'Transfer money received', 'credit', 'Crystel Turner', 'swagtohbad@gmail.com', '2022-12-18 08:08:54', '2022-12-18 08:08:54'),
(32, '0000032', 3, 2, -43.5, NULL, NULL, NULL, '167137438640', NULL, 'Transfer', NULL, 6.5, 'Transfer money', 'Debit', 'Crystel Turner', 'midecoder01@gmail.com', '2022-12-18 11:39:46', '2022-12-18 11:39:46'),
(33, '0000033', 3, 2, 1000, 0, NULL, NULL, '4032022', '1', 'Deposit', 1, 0, NULL, 'credit', '5', 'Crystel Turner', '2022-12-18 18:11:23', '2022-12-18 18:11:23'),
(34, '0000034', 7, 5, 100, 0, NULL, NULL, '4034864', '1', 'Deposit', 1, 0, NULL, 'credit', '5', 'Parca Escar', '2022-12-20 03:15:37', '2022-12-20 03:15:37'),
(35, '0000035', 3, 5, -100, NULL, NULL, NULL, NULL, NULL, NULL, 1, NULL, 'Payment sent to Crona-Hagenes', 'debit', 'Crystel Turner', 'swagtohbad@gmail.com', '2022-12-20 04:26:54', '2022-12-20 04:26:54'),
(36, '0000036', 3, 5, 96, NULL, NULL, NULL, NULL, NULL, NULL, 1, 4, 'Payment received from Crystel Turner', 'credit', 'Crystel Turner', 'swagtohbad@gmail.com', '2022-12-20 04:26:54', '2022-12-20 04:26:54'),
(37, '0000037', 3, 5, 384, NULL, NULL, NULL, NULL, NULL, NULL, 1, 16, 'Payment received from Hhgg', 'credit', 'Hhgg', 'swagtohbad@gmail.com', '2022-12-20 04:27:45', '2022-12-20 04:27:45'),
(38, '0000038', NULL, 5, 240.1, NULL, NULL, NULL, NULL, NULL, NULL, 1, 4.9, 'Payment received from Tester', 'credit', 'Tester', 'jessica.adekule8419@gmail.com', '2022-12-20 04:37:16', '2022-12-20 04:37:16'),
(39, '0000039', 7, 5, 50, NULL, NULL, NULL, '167152473468', NULL, 'Withdraw', NULL, 6.5, NULL, 'credit', '8', 'Parca Escar', '2022-12-20 05:25:34', '2022-12-20 05:25:34'),
(40, '0000040', NULL, 5, 352.8, NULL, NULL, NULL, NULL, NULL, NULL, 1, 7.2, 'Payment received from Rrrrr', 'credit', 'Rrrrr', 'jessica.adekule8419@gmail.com', '2022-12-20 08:15:45', '2022-12-20 08:15:45'),
(41, '0000041', 3, 5, -396, NULL, NULL, NULL, NULL, NULL, NULL, 1, NULL, 'Invoice Payment sent to Crona-Hagenes', 'debit', 'Crystel Turner', 'swagtohbad@gmail.com', '2022-12-20 08:17:27', '2022-12-20 08:17:27'),
(42, '0000042', 3, 5, 388.08, NULL, NULL, NULL, NULL, NULL, NULL, 1, 7.92, 'Invoice Payment received from Crystel Turner', 'credit', 'Crystel Turner', 'swagtohbad@gmail.com', '2022-12-20 08:17:27', '2022-12-20 08:17:27'),
(43, '0000043', 12, 5, 1000, 0, NULL, NULL, '4086934', '1', 'Deposit', 1, 0, NULL, 'credit', '5', 'Abubakar Nasir', '2023-01-12 17:34:02', '2023-01-12 17:34:02');

-- --------------------------------------------------------

--
-- Table structure for table `transfers`
--

CREATE TABLE `transfers` (
  `id` bigint(20) UNSIGNED NOT NULL,
  `user_id` bigint(20) UNSIGNED NOT NULL,
  `currency_id` bigint(20) UNSIGNED NOT NULL,
  `email` varchar(191) COLLATE utf8mb4_unicode_ci NOT NULL,
  `amount` double NOT NULL,
  `trx` varchar(191) COLLATE utf8mb4_unicode_ci DEFAULT NULL,
  `charge` double DEFAULT NULL,
  `rate` double DEFAULT '1',
  `is_beneficiary` tinyint(1) DEFAULT NULL,
  `status` int(11) NOT NULL DEFAULT '1',
  `created_at` timestamp NULL DEFAULT NULL,
  `updated_at` timestamp NULL DEFAULT NULL
) ENGINE=InnoDB DEFAULT CHARSET=utf8mb4 COLLATE=utf8mb4_unicode_ci;

--
-- Dumping data for table `transfers`
--

INSERT INTO `transfers` (`id`, `user_id`, `currency_id`, `email`, `amount`, `trx`, `charge`, `rate`, `is_beneficiary`, `status`, `created_at`, `updated_at`) VALUES
(1, 6, 5, 'swagtohbad@gmail.com', 43.5, '166758873040', 6.5, 1, 1, 2, '2022-11-04 16:05:30', '2022-11-04 16:08:30'),
(2, 3, 2, 'swagtohbad@gmail.com', -3.06, '166759113333', 5.06, 1, NULL, 1, '2022-11-04 16:45:33', '2022-11-04 16:45:33'),
(3, 3, 2, 'swagtohbad@gmail.com', 92, '166759125276', 8, 1, 1, 1, '2022-11-04 16:47:32', '2022-11-04 16:47:32'),
(4, 3, 2, 'midecoder01@gmail.com', -0.15, '166759148979', 5.15, 1, 1, 1, '2022-11-04 16:51:29', '2022-11-04 16:51:29'),
(5, 3, 2, 'midecoder01@gmail.com', 43.5, '166759174024', 6.5, 1, NULL, 2, '2022-11-04 16:55:40', '2022-12-18 04:00:37'),
(6, 3, 2, 'midecoder01@gmail.com', -0.15, '166759388297', 5.15, 1, NULL, 1, '2022-11-04 17:31:22', '2022-11-04 17:31:22'),
(7, 3, 2, 'midecoder01@gmail.com', -1.12, '166759391215', 5.12, 1, 0, 2, '2022-11-04 17:31:52', '2022-12-18 03:45:27'),
(8, 3, 2, 'midecoder01@gmail.com', -2.09, '16675951004', 5.09, 1, NULL, 2, '2022-11-04 17:51:40', '2022-12-18 03:44:53'),
(9, 6, 5, 'swagtohbad@gmail.com', 43.5, '16675970775', 6.5, 1, NULL, 2, '2022-11-04 18:24:37', '2022-12-18 08:08:54'),
(10, 6, 5, 'charles.thompson0101@gmail.com', 92, '166759718593', 8, 1, NULL, 2, '2022-11-04 18:26:25', '2022-11-04 18:28:38'),
(11, 3, 2, 'midecoder01@gmail.com', 43.5, '167137438640', 6.5, 1, NULL, 1, '2022-12-18 11:39:46', '2022-12-18 11:39:46');

-- --------------------------------------------------------

--
-- Table structure for table `users`
--

CREATE TABLE `users` (
  `id` bigint(20) UNSIGNED NOT NULL,
  `name` varchar(191) COLLATE utf8mb4_unicode_ci DEFAULT NULL,
  `avatar` varchar(191) COLLATE utf8mb4_unicode_ci DEFAULT NULL,
  `username` varchar(191) COLLATE utf8mb4_unicode_ci NOT NULL,
  `phone` varchar(191) COLLATE utf8mb4_unicode_ci DEFAULT NULL,
  `email` varchar(191) COLLATE utf8mb4_unicode_ci NOT NULL,
  `currency_id` bigint(20) UNSIGNED DEFAULT NULL COMMENT 'use as country',
  `role` varchar(191) COLLATE utf8mb4_unicode_ci NOT NULL DEFAULT 'user',
  `wallet` double NOT NULL DEFAULT '0',
  `password` varchar(191) COLLATE utf8mb4_unicode_ci DEFAULT NULL,
  `status` int(11) NOT NULL DEFAULT '1',
  `meta` json DEFAULT NULL,
  `public_key` varchar(191) COLLATE utf8mb4_unicode_ci NOT NULL,
  `secret_key` varchar(191) COLLATE utf8mb4_unicode_ci NOT NULL,
  `qr` varchar(191) COLLATE utf8mb4_unicode_ci NOT NULL,
  `ip_address` varchar(45) COLLATE utf8mb4_unicode_ci DEFAULT NULL,
  `last_login_at` timestamp NULL DEFAULT NULL,
  `kyc_verified_at` timestamp NULL DEFAULT NULL,
  `remember_token` varchar(100) COLLATE utf8mb4_unicode_ci DEFAULT NULL,
  `email_verified_at` timestamp NULL DEFAULT NULL,
  `created_at` timestamp NULL DEFAULT NULL,
  `updated_at` timestamp NULL DEFAULT NULL
) ENGINE=InnoDB DEFAULT CHARSET=utf8mb4 COLLATE=utf8mb4_unicode_ci;

--
-- Dumping data for table `users`
--

INSERT INTO `users` (`id`, `name`, `avatar`, `username`, `phone`, `email`, `currency_id`, `role`, `wallet`, `password`, `status`, `meta`, `public_key`, `secret_key`, `qr`, `ip_address`, `last_login_at`, `kyc_verified_at`, `remember_token`, `email_verified_at`, `created_at`, `updated_at`) VALUES
(1, 'Admin', 'https://avatars.dicebear.com/api/adventurer/admin.svg', 'admin', NULL, 'admin@gmail.com', NULL, 'admin', 0, '$2y$10$kHgHAzM4XU4Fk0oE.YbysOr8Y6s4JG00F1PgbpiRAPUNqVu7dDXBK', 1, NULL, 'PUBLIC-xXjnoQT3ic8C3JQb8t6IgPdhQR0cc7wP', 'SECRET-98QgwDJTAiYGR4j4QgQaW0aRqeNHb2ts', 'mDZLA11tduazfAMKR3Nu5ty6uc4Gsz8b', '105.112.126.54', '2023-01-12 17:35:52', '2022-11-03 09:28:48', NULL, '2022-11-03 09:28:48', '2022-11-03 09:28:48', '2022-12-20 10:06:29'),
(2, 'Manager', 'https://avatars.dicebear.com/api/adventurer/manager.svg', 'manager', NULL, 'manager@manager.com', NULL, 'admin', 0, '$2y$10$biFY13UTj79SWy5c5U4p5eOTFp7x3X48hAENvpLdUm4C6INVYYykm', 1, NULL, 'PUBLIC-Pg8CALHiJPJBY5eaykq8v8OQL9GzOG7u', 'SECRET-lzazPI6UnIGPswuZuAUAp4HFxLVe9eYP', '40mvjRvvbKewZuHVmixaxuCrNA893fYv', NULL, NULL, '2022-11-03 09:28:48', NULL, '2022-11-03 09:28:48', '2022-11-03 09:28:48', '2022-11-03 09:28:48'),
(3, 'Crystel Turner', 'https://avatars.dicebear.com/api/adventurer/avatar.png', 'demo-user', '+1 (747) 604-3767', 'swagtohbad@gmail.com', 5, 'user', 50977.98, '$2y$10$wLZPGVckv./kw5Brvffcp.kOhdVJj6zjv3R8TUCcPrpWzQwRpvpXq', 1, '{\"business_name\": \"Crona-Hagenes\"}', 'PUBLIC-h9zlIuhEHeHCtGBpT7Ua3cUdT2MJPfm9', 'SECRET-DkDsEZuE95rMBAqueb3iZDJcEhDhhIXi', '3wWfsJdvdDCRabYPbKfGnaz3zhoFwtCO', '186.233.184.187', '2022-12-20 18:42:09', '2022-11-03 09:28:48', 'BHRI94e2JvE7bgrqbDFc4vn10simnoYNjbA9Wxmivm41wNj2b5eWFbYih0Uc', '2022-11-03 09:28:48', '2022-11-03 09:28:48', '2022-12-20 08:17:27'),
(4, 'Dan Veum', 'https://avatars.dicebear.com/api/adventurer/avatar.png', 'test', '(816) 285-3716', 'test@test.com', 5, 'user', 226, '$2y$10$IAdwY/rQFkqhgdKcyrhwJ.rWniu6U9tEeF5tlqtXEWwx3iAckFB82', 1, '{\"business_name\": \"Paucek Group\"}', 'PUBLIC-B6lAYhNnHICKv76YSecb7PZUnzE18p3I', 'SECRET-l7c3Cpa7ZmBcfQ1sHl3OZcn0yi95rDiv', '1r0VZKG8hJZiRODGd3BPQ2qIg0G75LXa', NULL, NULL, NULL, 'x274Zl7W8F', '2022-11-03 09:28:49', '2022-11-03 09:28:49', '2022-11-03 09:28:49'),
(5, 'Amusa Oluwatosin', NULL, 'midecoder01', '+2347054728850', 'midecoder01@gmail.com', 5, 'user', -31.8, '$2y$10$w.Jz1Gj4OGLoZd.RebWd5OCyANmNe2644zOu9LDhPJ01aSOMEJnOG', 1, '{\"business_name\": \"HYX Properties Ventures Ltd\"}', 'PUBLIC-Sp0Wgn15iacEdEin9Fx3j0uYOmCXc0fN', 'SECRET-otaYB3aCkuaUbJnJfo1iJYI3we8gQust', 'vFjabXn6DSqnyOQg6vg9rEj4h3crwSEg', NULL, NULL, NULL, NULL, '2022-11-03 10:29:44', '2022-11-03 10:28:44', '2022-12-18 04:00:37'),
(6, 'Morris Robert', NULL, 'yexomap548', NULL, 'yexomap548@keshitv.com', 5, 'user', 100, '$2y$10$IUsm6M8quZ2HrxSTSz7F2eO5rgf4Wdwz4snAC/2UGXQXqOraYF3Lu', 1, NULL, 'PUBLIC-DW2hlwf0x6wikFHabeWDlhQUuISSGmvo', 'SECRET-oGwfn10VLcEAbmAEPnK9XSaKsBhb7d4S', 'A9WasGguZZkbKyIIv3OpC3j1z1W2fPQg', '197.211.52.76', '2022-11-05 13:04:18', NULL, 'kIpG6QlA0SZDAv9bvNlU0WesVLraKujxMYjJ5cDniOfJY4Q7A5406mAValfa', '2022-11-04 14:39:23', '2022-11-04 08:28:12', '2022-11-05 08:58:20'),
(7, 'Parca Escar', NULL, 'charles.thompson0101', NULL, 'charles.thompson0101@gmail.com', 5, 'user', 1914, '$2y$10$xpAu47rYOLV8nLr0zzmCfOrXYExCrTRjur6oUyGjYbq.vIPBIArrG', 1, NULL, 'PUBLIC-dM6eWfXCyw7VVMRLQHlBEbP2CvA18iCJ', 'SECRET-yyc81cdiDeDaaBd1U5JTo36K0fnjNLlf', 'xkyFky9jwgxN0fJ0lthIw4xOv9CVDmF3', '102.88.34.223', '2022-12-10 12:46:01', NULL, NULL, '2022-11-04 18:28:22', '2022-11-04 18:27:39', '2022-12-20 05:25:34'),
(8, 'Adetunji Kayode', NULL, 'adetunjioluwakayode', NULL, 'adetunjioluwakayode@gmail.com', 5, 'user', 57009530, '$2y$10$kHgHAzM4XU4Fk0oE.YbysOr8Y6s4JG00F1PgbpiRAPUNqVu7dDXBK', 1, NULL, 'PUBLIC-eWTB65hbFEPTGv3wDOi2ytigCO8VCjCn', 'SECRET-Wdv1t5X2fgXNtafnENB1SKp3wZUvyHSD', 'heBYSP4XFNohtV38M3iPInWhBiqtJ0s9', '102.89.22.160', '2022-12-18 05:01:53', '2022-12-01 09:14:46', NULL, '2022-12-01 09:14:52', '2022-12-07 07:56:55', '2022-12-18 04:46:01'),
(9, 'Yusuf Salisu', NULL, 'yusufsalisudaddy', NULL, 'yusufsalisudaddy@gmail.com', 5, 'user', 0, '$2y$10$8IYh8945ETq5OGQfcWyL0OJNkE2Rnivjp1gMJDtFp6Mqtb5WeS13G', 1, NULL, 'PUBLIC-eTEKiAD1wBIvbHgwWYiUVGfuEYbWT2Pb', 'SECRET-OhhjQinG6wNVddMnNlqg8xAdeTGKA9zx', 'qnyPpVe5wePNuUKRpJRNAKphdZZy57Lc', '105.112.125.150', '2022-12-20 08:47:24', NULL, NULL, '2022-12-20 08:47:39', '2022-12-20 08:42:02', '2022-12-20 08:47:39'),
(10, 'xesoke4083@areosur.comxesoke4083@areosur.com', NULL, 'xesoke4083', NULL, 'xesoke4083@areosur.com', 5, 'user', 0, '$2y$10$ITp0OoEZdwIcl39ZQF5uA.rURbRVTLhLZNpvvKyejdZl7X3zzXg.O', 1, NULL, 'PUBLIC-CqAm0WICEKyYxGxQ9Fzbi94s2BVrOUS4', 'SECRET-Jxm7nFDQWuoLmc0fqNdJ0nNI5Nzxtxlx', 'IVNmuFI79qkxWdnCZNCkHZzrUbmp2jp2', NULL, NULL, NULL, NULL, '2022-12-20 09:00:15', '2022-12-20 08:55:00', '2022-12-20 09:00:15'),
(11, 'Abubakar nasir', NULL, 'obasanas99', NULL, 'obasanas99@gmail.com', 5, 'user', 0, '$2y$10$ehlG09kJiOtILynRYboa9OPwbRbeFCPYTvZtdhy6C3RmZzICV/fxG', 1, NULL, 'PUBLIC-Gsr8UonPYdWkvPfYChlNCJFEkYukea3Y', 'SECRET-39wJR6O4MVROmXmNdjBtKwMzSZXjtxh2', 'fSvndc98Jv83Y6Y4gmwDfLNed9XWrsxE', '105.112.112.180', '2022-12-20 17:25:28', NULL, NULL, '2022-12-20 17:27:32', '2022-12-20 17:13:35', '2022-12-20 17:27:32'),
(12, 'Abubakar Nasir', NULL, 'nasirobasa', NULL, 'nasirobasa@gmail.com', 5, 'user', 1000, '$2y$10$uH75CWnNVCDP2WiVSGLtFujqul3wl0BQd1heTtWXKxFONvd7tKZJm', 1, NULL, 'PUBLIC-lqGPwFThIGKu0sa32mklRNsb6Nt0uPfK', 'SECRET-uEZ3DWVDMWpq0u8kJCB5pjqm7yhaHv4M', 'j149CfuJw0PcsedbuUintXIY1RKEeNDr', NULL, NULL, NULL, NULL, '2023-01-12 17:17:16', '2023-01-12 17:15:04', '2023-01-12 17:34:02');

-- --------------------------------------------------------

--
-- Table structure for table `user_banks`
--

CREATE TABLE `user_banks` (
  `id` bigint(20) UNSIGNED NOT NULL,
  `user_id` bigint(20) UNSIGNED DEFAULT NULL,
  `bank_id` bigint(20) UNSIGNED DEFAULT NULL,
  `data` json DEFAULT NULL,
  `created_at` timestamp NULL DEFAULT NULL,
  `updated_at` timestamp NULL DEFAULT NULL
) ENGINE=InnoDB DEFAULT CHARSET=utf8mb4 COLLATE=utf8mb4_unicode_ci;

--
-- Dumping data for table `user_banks`
--

INSERT INTO `user_banks` (`id`, `user_id`, `bank_id`, `data`, `created_at`, `updated_at`) VALUES
(1, 3, NULL, '{\"account_name\": \"Dr. Dedrick Hickle MD\", \"account_type\": \"business\", \"account_number\": 16, \"routing_number\": 10}', '2022-11-03 09:28:48', '2022-11-03 09:28:48'),
(2, 4, NULL, '{\"account_name\": \"Destini Ward\", \"account_type\": \"business\", \"account_number\": 16, \"routing_number\": 10}', '2022-11-03 09:28:49', '2022-11-03 09:28:49'),
(7, 6, 66, '{\"account_name\": \"OLUWATOSIN OLAMIDE AMUSA\", \"account_type\": \"individual\", \"account_number\": \"0064138681\"}', '2022-11-04 14:26:25', '2022-11-04 14:26:25'),
(8, 7, 66, '{\"account_name\": \"OLUWATOSIN OLAMIDE AMUSA\", \"account_type\": \"individual\", \"account_number\": \"0064138681\"}', '2022-11-04 18:28:06', '2022-11-04 18:28:06'),
(9, 8, 29, '{\"account_name\": \"ADETUNJI OLUWAKAYODE AYORINDE\", \"account_type\": \"individual\", \"account_number\": \"0577118011\"}', '2022-12-07 07:57:17', '2022-12-07 07:57:17'),
(10, 5, 74, '{\"account_name\": \"AMUSA OLUWATOSIN OLAMIDE\", \"account_type\": \"individual\", \"account_number\": \"2066738202\"}', '2022-12-18 03:33:40', '2022-12-18 03:33:40'),
(11, 10, 66, '{\"account_name\": \"OLUWATOSIN OLAMIDE AMUSA\", \"account_type\": \"individual\", \"account_number\": \"0064138681\"}', '2022-12-20 08:56:31', '2022-12-20 08:56:31'),
(12, 9, 10, '{\"account_name\": \"GODSWILL FELIX UBANI\", \"account_type\": \"individual\", \"account_number\": \"0773832677\"}', '2022-12-20 10:06:01', '2022-12-20 10:06:01'),
(13, 11, 10, '{\"account_name\": \"NASIR  ABUBAKAR\", \"account_type\": \"individual\", \"account_number\": \"0070742520\"}', '2022-12-20 17:13:57', '2022-12-20 17:13:57'),
(14, 12, 10, '{\"account_name\": \"NASIR  ABUBAKAR\", \"account_type\": \"individual\", \"account_number\": \"0070742520\"}', '2023-01-12 17:15:32', '2023-01-12 17:15:32');

-- --------------------------------------------------------

--
-- Table structure for table `user_plans`
--

CREATE TABLE `user_plans` (
  `id` bigint(20) UNSIGNED NOT NULL,
  `uuid` char(36) COLLATE utf8mb4_unicode_ci NOT NULL,
  `name` varchar(191) COLLATE utf8mb4_unicode_ci NOT NULL,
  `amount` double DEFAULT NULL,
  `interval` varchar(191) COLLATE utf8mb4_unicode_ci NOT NULL,
  `limit` int(11) DEFAULT NULL,
  `status` tinyint(1) NOT NULL DEFAULT '1',
  `features` json DEFAULT NULL,
  `owner_id` bigint(20) UNSIGNED DEFAULT NULL,
  `currency_id` bigint(20) UNSIGNED DEFAULT NULL,
  `created_at` timestamp NULL DEFAULT NULL,
  `updated_at` timestamp NULL DEFAULT NULL
) ENGINE=InnoDB DEFAULT CHARSET=utf8mb4 COLLATE=utf8mb4_unicode_ci;

-- --------------------------------------------------------

--
-- Table structure for table `user_plan_subscribers`
--

CREATE TABLE `user_plan_subscribers` (
  `id` bigint(20) UNSIGNED NOT NULL,
  `amount` double NOT NULL,
  `charge` double DEFAULT NULL,
  `rate` double DEFAULT NULL,
  `interval` varchar(191) COLLATE utf8mb4_unicode_ci DEFAULT NULL,
  `expire_at` timestamp NULL DEFAULT NULL,
  `times` int(11) DEFAULT NULL,
  `is_auto_renew` tinyint(1) NOT NULL DEFAULT '0',
  `user_plan_id` bigint(20) UNSIGNED DEFAULT NULL,
  `owner_id` bigint(20) UNSIGNED DEFAULT NULL,
  `subscriber_id` bigint(20) UNSIGNED DEFAULT NULL,
  `currency_id` bigint(20) UNSIGNED DEFAULT NULL,
  `created_at` timestamp NULL DEFAULT NULL,
  `updated_at` timestamp NULL DEFAULT NULL
) ENGINE=InnoDB DEFAULT CHARSET=utf8mb4 COLLATE=utf8mb4_unicode_ci;

-- --------------------------------------------------------

--
-- Table structure for table `vpin_batch`
--

CREATE TABLE `vpin_batch` (
  `id` int(10) UNSIGNED NOT NULL,
  `trx` varchar(80) COLLATE utf8mb4_unicode_ci DEFAULT NULL,
  `network` varchar(10) COLLATE utf8mb4_unicode_ci DEFAULT NULL,
  `provider` varchar(20) COLLATE utf8mb4_unicode_ci DEFAULT NULL,
  `unit` int(10) DEFAULT NULL,
  `user_id` int(11) NOT NULL DEFAULT '0',
  `amount` varchar(191) COLLATE utf8mb4_unicode_ci NOT NULL DEFAULT '0',
  `total` varchar(10) COLLATE utf8mb4_unicode_ci DEFAULT NULL,
  `display_name` varchar(50) COLLATE utf8mb4_unicode_ci DEFAULT NULL,
  `mode` varchar(191) COLLATE utf8mb4_unicode_ci DEFAULT NULL,
  `vpin` longtext CHARACTER SET utf8mb4 COLLATE utf8mb4_bin,
  `message` varchar(100) COLLATE utf8mb4_unicode_ci DEFAULT NULL,
  `deleted_at` text COLLATE utf8mb4_unicode_ci,
  `created_at` timestamp NULL DEFAULT NULL,
  `updated_at` timestamp NULL DEFAULT NULL
) ENGINE=InnoDB DEFAULT CHARSET=utf8mb4 COLLATE=utf8mb4_unicode_ci;

--
-- Dumping data for table `vpin_batch`
--

INSERT INTO `vpin_batch` (`id`, `trx`, `network`, `provider`, `unit`, `user_id`, `amount`, `total`, `display_name`, `mode`, `vpin`, `message`, `deleted_at`, `created_at`, `updated_at`) VALUES
(1, 'PSCDJ16674166219452QJh', NULL, NULL, 1, 1, '100', '100', 'Payscribe.ng', '0', '[{\"pin\":\"28282822828282\",\"code\":\"*258*28282822828282#\"}]', 'Recharge card pin generated successfully.', NULL, '2022-11-02 19:17:01', '2022-11-02 19:17:01'),
(2, 'PSnWz16674167803222s8e', NULL, NULL, 2, 1, '100', '200', 'Payscribe.ng', '0', '[{\"pin\":\"28282822828282\",\"code\":\"*258*28282822828282#\"}]', 'Recharge card pin generated successfully.', NULL, '2022-11-02 19:19:40', '2022-11-02 19:19:40'),
(3, 'PSPkJ16674173969024oKF', NULL, NULL, NULL, 1, '200', NULL, 'Payscribe.ng', '0', '[{\"pin\":\"28282822828282\",\"code\":\"*258*28282822828282#\"}]', 'Recharge card pin generated successfully.', NULL, '2022-11-02 19:29:56', '2022-11-02 19:29:56'),
(4, 'PSaSL16674174412814Jqk', NULL, NULL, 7, 1, '100', NULL, 'Payscribe.ng', '0', '[{\"pin\":\"28282822828282\",\"code\":\"*258*28282822828282#\"}]', 'Recharge card pin generated successfully.', NULL, '2022-11-02 19:30:42', '2022-11-02 19:30:42'),
(5, 'PSjPx16674174516348kHI', NULL, NULL, 1, 1, '100', NULL, 'Payscribe.ng', '0', '[{\"pin\":\"28282822828282\",\"code\":\"*258*28282822828282#\"}]', 'Recharge card pin generated successfully.', NULL, '2022-11-02 19:30:51', '2022-11-02 19:30:51'),
(6, 'PSDIz1667417469791ExU', NULL, NULL, 7, 1, '100', NULL, 'Payscribe.ng', '0', '[{\"pin\":\"28282822828282\",\"code\":\"*258*28282822828282#\"}]', 'Recharge card pin generated successfully.', NULL, '2022-11-02 19:31:09', '2022-11-02 19:31:09'),
(7, 'PSLd416674175093191z5F', NULL, NULL, 400, 1, '200', NULL, 'Payscribe.ng', '0', '[{\"pin\":\"28282822828282\",\"code\":\"*258*28282822828282#\"}]', 'Recharge card pin generated successfully.', NULL, '2022-11-02 19:31:49', '2022-11-02 19:31:49'),
(8, 'PS4ls16674178051829o3V', NULL, NULL, 600, 1, '200', NULL, 'Payscribe.ng', '0', '[{\"pin\":\"28282822828282\",\"code\":\"*258*28282822828282#\"}]', 'Recharge card pin generated successfully.', NULL, '2022-11-02 19:36:44', '2022-11-02 19:36:44'),
(9, 'PSHRG16674178432896xK8', NULL, NULL, 2, 1, '200', '400', 'Payscribe.ng', '0', '[{\"pin\":\"28282822828282\",\"code\":\"*258*28282822828282#\"}]', 'Recharge card pin generated successfully.', NULL, '2022-11-02 19:37:23', '2022-11-02 19:37:23'),
(10, 'PSRLl1667425675212Gnf', 'Multi Netw', 'Payscribe', 2, 1, '100', '200', 'Payscribe.ng', '0', '[{\"pin\":\"28282822828282\",\"code\":\"*258*28282822828282#\"}]', 'Recharge card pin generated successfully.', NULL, '2022-11-02 21:47:54', '2022-11-02 21:47:54'),
(11, 'AU5AMY', 'MTN', 'VTPass', 1, 1, '100', '98', 'Aim To Get', '0', '[{\"transactionid\":\"6456278930\",\"transactiondate\":\"11\\/2\\/2022 11:15:00 PM\",\"batchno\":\"1228250\",\"mobilenetwork\":\"MTN\",\"sno\":\"00000020169115107\",\"pin\":\"05485310169524034\",\"amount\":\"100\"}]', 'Action Successful', NULL, '2022-11-02 22:15:36', '2022-11-02 22:15:36');

-- --------------------------------------------------------

--
-- Table structure for table `websites`
--

CREATE TABLE `websites` (
  `id` bigint(20) UNSIGNED NOT NULL,
  `user_id` bigint(20) UNSIGNED NOT NULL,
  `merchant_name` varchar(191) COLLATE utf8mb4_unicode_ci NOT NULL,
  `token` varchar(191) COLLATE utf8mb4_unicode_ci NOT NULL,
  `email` varchar(191) COLLATE utf8mb4_unicode_ci DEFAULT NULL,
  `mode` tinyint(1) DEFAULT NULL,
  `message` longtext COLLATE utf8mb4_unicode_ci,
  `created_at` timestamp NULL DEFAULT NULL,
  `updated_at` timestamp NULL DEFAULT NULL
) ENGINE=InnoDB DEFAULT CHARSET=utf8mb4 COLLATE=utf8mb4_unicode_ci;

--
-- Dumping data for table `websites`
--

INSERT INTO `websites` (`id`, `user_id`, `merchant_name`, `token`, `email`, `mode`, `message`, `created_at`, `updated_at`) VALUES
(1, 3, 'ggdfffb', 'hp2EudDsXexJBrA6qsuywXxQUyf2rvvb', 'morrisrobert716@gmail.com', 0, 'fddnnnn', '2022-11-05 01:29:52', '2022-11-05 01:29:52'),
(2, 12, 'Obasa', 'Hf92tr2bkOnQ0EV2lV7Th75Z5FAxCPYI', 'obasanas99@gmail.com', 0, 'Thanks', '2023-01-12 17:26:51', '2023-01-12 17:26:51');

-- --------------------------------------------------------

--
-- Table structure for table `web_orders`
--

CREATE TABLE `web_orders` (
  `id` bigint(20) UNSIGNED NOT NULL,
  `uuid` char(36) COLLATE utf8mb4_unicode_ci NOT NULL,
  `user_id` bigint(20) UNSIGNED DEFAULT NULL,
  `website_id` bigint(20) UNSIGNED DEFAULT NULL,
  `currency_id` bigint(20) UNSIGNED DEFAULT NULL,
  `gateway_id` bigint(20) UNSIGNED DEFAULT NULL,
  `trx` varchar(191) COLLATE utf8mb4_unicode_ci DEFAULT NULL,
  `reference_code` varchar(191) COLLATE utf8mb4_unicode_ci DEFAULT NULL,
  `amount` double DEFAULT NULL,
  `charge` double DEFAULT NULL,
  `rate` double DEFAULT NULL,
  `quantity` int(11) DEFAULT NULL,
  `meta` json NOT NULL,
  `paid_at` timestamp NULL DEFAULT NULL,
  `payment_status` int(11) DEFAULT NULL,
  `created_at` timestamp NULL DEFAULT NULL,
  `updated_at` timestamp NULL DEFAULT NULL
) ENGINE=InnoDB DEFAULT CHARSET=utf8mb4 COLLATE=utf8mb4_unicode_ci;

-- --------------------------------------------------------

--
-- Table structure for table `web_test_orders`
--

CREATE TABLE `web_test_orders` (
  `id` bigint(20) UNSIGNED NOT NULL,
  `uuid` char(36) COLLATE utf8mb4_unicode_ci NOT NULL,
  `user_id` bigint(20) UNSIGNED DEFAULT NULL,
  `website_id` bigint(20) UNSIGNED DEFAULT NULL,
  `currency_id` bigint(20) UNSIGNED DEFAULT NULL,
  `gateway_id` bigint(20) UNSIGNED DEFAULT NULL,
  `trx` varchar(191) COLLATE utf8mb4_unicode_ci DEFAULT NULL,
  `reference_code` varchar(191) COLLATE utf8mb4_unicode_ci DEFAULT NULL,
  `amount` double DEFAULT NULL,
  `charge` double DEFAULT NULL,
  `rate` double DEFAULT NULL,
  `quantity` int(11) DEFAULT NULL,
  `meta` json NOT NULL,
  `paid_at` timestamp NULL DEFAULT NULL,
  `payment_status` int(11) DEFAULT NULL,
  `created_at` timestamp NULL DEFAULT NULL,
  `updated_at` timestamp NULL DEFAULT NULL
) ENGINE=InnoDB DEFAULT CHARSET=utf8mb4 COLLATE=utf8mb4_unicode_ci;

--
-- Indexes for dumped tables
--

--
-- Indexes for table `airtime_conversions`
--
ALTER TABLE `airtime_conversions`
  ADD PRIMARY KEY (`id`);

--
-- Indexes for table `airtime_conv_numbers`
--
ALTER TABLE `airtime_conv_numbers`
  ADD PRIMARY KEY (`id`);

--
-- Indexes for table `banks`
--
ALTER TABLE `banks`
  ADD PRIMARY KEY (`id`),
  ADD KEY `banks_currency_id_foreign` (`currency_id`);

--
-- Indexes for table `bills`
--
ALTER TABLE `bills`
  ADD PRIMARY KEY (`id`);

--
-- Indexes for table `bills_bulk_jobs`
--
ALTER TABLE `bills_bulk_jobs`
  ADD PRIMARY KEY (`id`);

--
-- Indexes for table `bill_transactions`
--
ALTER TABLE `bill_transactions`
  ADD PRIMARY KEY (`id`);

--
-- Indexes for table `cabletvbundles`
--
ALTER TABLE `cabletvbundles`
  ADD PRIMARY KEY (`id`);

--
-- Indexes for table `categories`
--
ALTER TABLE `categories`
  ADD PRIMARY KEY (`id`);

--
-- Indexes for table `contact_mails`
--
ALTER TABLE `contact_mails`
  ADD PRIMARY KEY (`id`);

--
-- Indexes for table `currencies`
--
ALTER TABLE `currencies`
  ADD PRIMARY KEY (`id`),
  ADD UNIQUE KEY `currencies_name_unique` (`name`),
  ADD UNIQUE KEY `currencies_code_unique` (`code`);

--
-- Indexes for table `deposits`
--
ALTER TABLE `deposits`
  ADD PRIMARY KEY (`id`),
  ADD KEY `deposits_user_id_foreign` (`user_id`),
  ADD KEY `deposits_gateway_id_foreign` (`gateway_id`),
  ADD KEY `deposits_currency_id_foreign` (`currency_id`);

--
-- Indexes for table `donationorders`
--
ALTER TABLE `donationorders`
  ADD PRIMARY KEY (`id`),
  ADD KEY `donationorders_donor_id_foreign` (`donor_id`),
  ADD KEY `donationorders_user_id_foreign` (`user_id`),
  ADD KEY `donationorders_gateway_id_foreign` (`gateway_id`),
  ADD KEY `donationorders_currency_id_foreign` (`currency_id`),
  ADD KEY `donationorders_donation_id_foreign` (`donation_id`);

--
-- Indexes for table `donations`
--
ALTER TABLE `donations`
  ADD PRIMARY KEY (`id`),
  ADD UNIQUE KEY `donations_uuid_unique` (`uuid`),
  ADD KEY `donations_user_id_foreign` (`user_id`),
  ADD KEY `donations_currency_id_foreign` (`currency_id`);

--
-- Indexes for table `failed_jobs`
--
ALTER TABLE `failed_jobs`
  ADD PRIMARY KEY (`id`),
  ADD UNIQUE KEY `failed_jobs_uuid_unique` (`uuid`);

--
-- Indexes for table `gateways`
--
ALTER TABLE `gateways`
  ADD PRIMARY KEY (`id`),
  ADD KEY `gateways_currency_id_foreign` (`currency_id`);

--
-- Indexes for table `internetbundles`
--
ALTER TABLE `internetbundles`
  ADD PRIMARY KEY (`id`);

--
-- Indexes for table `invoices`
--
ALTER TABLE `invoices`
  ADD PRIMARY KEY (`id`),
  ADD UNIQUE KEY `invoices_uuid_unique` (`uuid`),
  ADD KEY `invoices_owner_id_foreign` (`owner_id`),
  ADD KEY `invoices_currency_id_foreign` (`currency_id`);

--
-- Indexes for table `invoice_items`
--
ALTER TABLE `invoice_items`
  ADD PRIMARY KEY (`id`),
  ADD KEY `invoice_items_invoice_id_foreign` (`invoice_id`);

--
-- Indexes for table `jobs`
--
ALTER TABLE `jobs`
  ADD PRIMARY KEY (`id`),
  ADD KEY `jobs_queue_index` (`queue`);

--
-- Indexes for table `kyc_methods`
--
ALTER TABLE `kyc_methods`
  ADD PRIMARY KEY (`id`);

--
-- Indexes for table `kyc_method_user`
--
ALTER TABLE `kyc_method_user`
  ADD PRIMARY KEY (`id`),
  ADD KEY `kyc_method_user_kyc_method_id_foreign` (`kyc_method_id`),
  ADD KEY `kyc_method_user_user_id_foreign` (`user_id`),
  ADD KEY `kyc_method_user_kyc_request_id_foreign` (`kyc_request_id`);

--
-- Indexes for table `kyc_requests`
--
ALTER TABLE `kyc_requests`
  ADD PRIMARY KEY (`id`),
  ADD KEY `kyc_requests_user_id_foreign` (`user_id`),
  ADD KEY `kyc_requests_kyc_method_id_foreign` (`kyc_method_id`);

--
-- Indexes for table `media`
--
ALTER TABLE `media`
  ADD PRIMARY KEY (`id`),
  ADD KEY `media_user_id_foreign` (`user_id`);

--
-- Indexes for table `menus`
--
ALTER TABLE `menus`
  ADD PRIMARY KEY (`id`);

--
-- Indexes for table `migrations`
--
ALTER TABLE `migrations`
  ADD PRIMARY KEY (`id`);

--
-- Indexes for table `model_has_permissions`
--
ALTER TABLE `model_has_permissions`
  ADD PRIMARY KEY (`permission_id`,`model_id`,`model_type`),
  ADD KEY `model_has_permissions_model_id_model_type_index` (`model_id`,`model_type`);

--
-- Indexes for table `model_has_roles`
--
ALTER TABLE `model_has_roles`
  ADD PRIMARY KEY (`role_id`,`model_id`,`model_type`),
  ADD KEY `model_has_roles_model_id_model_type_index` (`model_id`,`model_type`);

--
-- Indexes for table `moneyrequests`
--
ALTER TABLE `moneyrequests`
  ADD PRIMARY KEY (`id`),
  ADD KEY `moneyrequests_sender_id_foreign` (`sender_id`),
  ADD KEY `moneyrequests_receiver_id_foreign` (`receiver_id`),
  ADD KEY `moneyrequests_request_currency_id_foreign` (`request_currency_id`),
  ADD KEY `moneyrequests_approved_currency_id_foreign` (`approved_currency_id`);

--
-- Indexes for table `networks`
--
ALTER TABLE `networks`
  ADD PRIMARY KEY (`id`);

--
-- Indexes for table `options`
--
ALTER TABLE `options`
  ADD PRIMARY KEY (`id`);

--
-- Indexes for table `orderitems`
--
ALTER TABLE `orderitems`
  ADD PRIMARY KEY (`id`),
  ADD KEY `orderitems_order_id_foreign` (`order_id`),
  ADD KEY `orderitems_product_id_foreign` (`product_id`);

--
-- Indexes for table `orders`
--
ALTER TABLE `orders`
  ADD PRIMARY KEY (`id`),
  ADD KEY `orders_shipping_id_foreign` (`shipping_id`),
  ADD KEY `orders_seller_id_foreign` (`seller_id`),
  ADD KEY `orders_gateway_id_foreign` (`gateway_id`),
  ADD KEY `orders_currency_id_foreign` (`currency_id`),
  ADD KEY `orders_storefront_id_foreign` (`storefront_id`);

--
-- Indexes for table `password_resets`
--
ALTER TABLE `password_resets`
  ADD KEY `password_resets_email_index` (`email`);

--
-- Indexes for table `payouts`
--
ALTER TABLE `payouts`
  ADD PRIMARY KEY (`id`),
  ADD KEY `payouts_user_id_foreign` (`user_id`),
  ADD KEY `payouts_user_bank_id_foreign` (`user_bank_id`),
  ADD KEY `payouts_currency_id_foreign` (`currency_id`);

--
-- Indexes for table `permissions`
--
ALTER TABLE `permissions`
  ADD PRIMARY KEY (`id`),
  ADD UNIQUE KEY `permissions_name_guard_name_unique` (`name`,`guard_name`);

--
-- Indexes for table `personal_access_tokens`
--
ALTER TABLE `personal_access_tokens`
  ADD PRIMARY KEY (`id`),
  ADD UNIQUE KEY `personal_access_tokens_token_unique` (`token`),
  ADD KEY `personal_access_tokens_tokenable_type_tokenable_id_index` (`tokenable_type`,`tokenable_id`);

--
-- Indexes for table `powers`
--
ALTER TABLE `powers`
  ADD PRIMARY KEY (`id`);

--
-- Indexes for table `products`
--
ALTER TABLE `products`
  ADD PRIMARY KEY (`id`),
  ADD KEY `products_user_id_foreign` (`user_id`),
  ADD KEY `products_category_id_foreign` (`category_id`);

--
-- Indexes for table `product_categories`
--
ALTER TABLE `product_categories`
  ADD PRIMARY KEY (`id`),
  ADD KEY `product_categories_user_id_foreign` (`user_id`);

--
-- Indexes for table `product_storefront`
--
ALTER TABLE `product_storefront`
  ADD KEY `product_storefront_storefront_id_foreign` (`storefront_id`),
  ADD KEY `product_storefront_product_id_foreign` (`product_id`);

--
-- Indexes for table `qrpayments`
--
ALTER TABLE `qrpayments`
  ADD PRIMARY KEY (`id`),
  ADD KEY `qrpayments_seller_id_foreign` (`seller_id`),
  ADD KEY `qrpayments_gateway_id_foreign` (`gateway_id`),
  ADD KEY `qrpayments_currency_id_foreign` (`currency_id`);

--
-- Indexes for table `roles`
--
ALTER TABLE `roles`
  ADD PRIMARY KEY (`id`),
  ADD UNIQUE KEY `roles_name_guard_name_unique` (`name`,`guard_name`);

--
-- Indexes for table `role_has_permissions`
--
ALTER TABLE `role_has_permissions`
  ADD PRIMARY KEY (`permission_id`,`role_id`),
  ADD KEY `role_has_permissions_role_id_foreign` (`role_id`);

--
-- Indexes for table `shippings`
--
ALTER TABLE `shippings`
  ADD PRIMARY KEY (`id`),
  ADD KEY `shippings_user_id_foreign` (`user_id`);

--
-- Indexes for table `singlechargeorders`
--
ALTER TABLE `singlechargeorders`
  ADD PRIMARY KEY (`id`),
  ADD KEY `singlechargeorders_user_id_foreign` (`user_id`),
  ADD KEY `singlechargeorders_gateway_id_foreign` (`gateway_id`),
  ADD KEY `singlechargeorders_singlecharge_id_foreign` (`singlecharge_id`),
  ADD KEY `singlechargeorders_currency_id_foreign` (`currency_id`);

--
-- Indexes for table `singlecharges`
--
ALTER TABLE `singlecharges`
  ADD PRIMARY KEY (`id`),
  ADD UNIQUE KEY `singlecharges_uuid_unique` (`uuid`),
  ADD KEY `singlecharges_user_id_foreign` (`user_id`),
  ADD KEY `singlecharges_currency_id_foreign` (`currency_id`);

--
-- Indexes for table `storefronts`
--
ALTER TABLE `storefronts`
  ADD PRIMARY KEY (`id`),
  ADD KEY `storefronts_user_id_foreign` (`user_id`);

--
-- Indexes for table `supports`
--
ALTER TABLE `supports`
  ADD PRIMARY KEY (`id`),
  ADD KEY `supports_user_id_foreign` (`user_id`);

--
-- Indexes for table `support_metas`
--
ALTER TABLE `support_metas`
  ADD PRIMARY KEY (`id`),
  ADD KEY `support_metas_support_id_foreign` (`support_id`),
  ADD KEY `support_metas_sender_id_foreign` (`sender_id`);

--
-- Indexes for table `taxes`
--
ALTER TABLE `taxes`
  ADD PRIMARY KEY (`id`),
  ADD UNIQUE KEY `taxes_name_unique` (`name`);

--
-- Indexes for table `temporary_files`
--
ALTER TABLE `temporary_files`
  ADD PRIMARY KEY (`id`);

--
-- Indexes for table `termcategories`
--
ALTER TABLE `termcategories`
  ADD KEY `termcategories_term_id_foreign` (`term_id`),
  ADD KEY `termcategories_category_id_foreign` (`category_id`);

--
-- Indexes for table `terms`
--
ALTER TABLE `terms`
  ADD PRIMARY KEY (`id`);

--
-- Indexes for table `term_metas`
--
ALTER TABLE `term_metas`
  ADD PRIMARY KEY (`id`),
  ADD KEY `term_metas_term_id_foreign` (`term_id`);

--
-- Indexes for table `transactions`
--
ALTER TABLE `transactions`
  ADD PRIMARY KEY (`id`),
  ADD KEY `transactions_user_id_foreign` (`user_id`),
  ADD KEY `transactions_currency_id_foreign` (`currency_id`);

--
-- Indexes for table `transfers`
--
ALTER TABLE `transfers`
  ADD PRIMARY KEY (`id`),
  ADD KEY `transfers_user_id_foreign` (`user_id`),
  ADD KEY `transfers_currency_id_foreign` (`currency_id`);

--
-- Indexes for table `users`
--
ALTER TABLE `users`
  ADD PRIMARY KEY (`id`),
  ADD UNIQUE KEY `users_username_unique` (`username`),
  ADD UNIQUE KEY `users_email_unique` (`email`),
  ADD UNIQUE KEY `users_public_key_unique` (`public_key`),
  ADD UNIQUE KEY `users_secret_key_unique` (`secret_key`),
  ADD UNIQUE KEY `users_qr_unique` (`qr`),
  ADD KEY `users_currency_id_foreign` (`currency_id`);

--
-- Indexes for table `user_banks`
--
ALTER TABLE `user_banks`
  ADD PRIMARY KEY (`id`),
  ADD KEY `user_banks_user_id_foreign` (`user_id`),
  ADD KEY `user_banks_bank_id_foreign` (`bank_id`);

--
-- Indexes for table `user_plans`
--
ALTER TABLE `user_plans`
  ADD PRIMARY KEY (`id`),
  ADD UNIQUE KEY `user_plans_uuid_unique` (`uuid`),
  ADD KEY `user_plans_owner_id_foreign` (`owner_id`),
  ADD KEY `user_plans_currency_id_foreign` (`currency_id`);

--
-- Indexes for table `user_plan_subscribers`
--
ALTER TABLE `user_plan_subscribers`
  ADD PRIMARY KEY (`id`),
  ADD KEY `user_plan_subscribers_user_plan_id_foreign` (`user_plan_id`),
  ADD KEY `user_plan_subscribers_owner_id_foreign` (`owner_id`),
  ADD KEY `user_plan_subscribers_subscriber_id_foreign` (`subscriber_id`),
  ADD KEY `user_plan_subscribers_currency_id_foreign` (`currency_id`);

--
-- Indexes for table `vpin_batch`
--
ALTER TABLE `vpin_batch`
  ADD PRIMARY KEY (`id`);

--
-- Indexes for table `websites`
--
ALTER TABLE `websites`
  ADD PRIMARY KEY (`id`),
  ADD UNIQUE KEY `websites_token_unique` (`token`),
  ADD KEY `websites_user_id_foreign` (`user_id`);

--
-- Indexes for table `web_orders`
--
ALTER TABLE `web_orders`
  ADD PRIMARY KEY (`id`),
  ADD UNIQUE KEY `web_orders_uuid_unique` (`uuid`),
  ADD KEY `web_orders_user_id_foreign` (`user_id`),
  ADD KEY `web_orders_website_id_foreign` (`website_id`),
  ADD KEY `web_orders_currency_id_foreign` (`currency_id`),
  ADD KEY `web_orders_gateway_id_foreign` (`gateway_id`);

--
-- Indexes for table `web_test_orders`
--
ALTER TABLE `web_test_orders`
  ADD PRIMARY KEY (`id`),
  ADD UNIQUE KEY `web_test_orders_uuid_unique` (`uuid`),
  ADD KEY `web_test_orders_user_id_foreign` (`user_id`),
  ADD KEY `web_test_orders_website_id_foreign` (`website_id`),
  ADD KEY `web_test_orders_currency_id_foreign` (`currency_id`),
  ADD KEY `web_test_orders_gateway_id_foreign` (`gateway_id`);

--
-- AUTO_INCREMENT for dumped tables
--

--
-- AUTO_INCREMENT for table `airtime_conversions`
--
ALTER TABLE `airtime_conversions`
  MODIFY `id` bigint(20) UNSIGNED NOT NULL AUTO_INCREMENT, AUTO_INCREMENT=66;

--
-- AUTO_INCREMENT for table `airtime_conv_numbers`
--
ALTER TABLE `airtime_conv_numbers`
  MODIFY `id` bigint(20) UNSIGNED NOT NULL AUTO_INCREMENT, AUTO_INCREMENT=9;

--
-- AUTO_INCREMENT for table `banks`
--
ALTER TABLE `banks`
  MODIFY `id` bigint(20) UNSIGNED NOT NULL AUTO_INCREMENT, AUTO_INCREMENT=221;

--
-- AUTO_INCREMENT for table `bills`
--
ALTER TABLE `bills`
  MODIFY `id` int(10) UNSIGNED NOT NULL AUTO_INCREMENT, AUTO_INCREMENT=84;

--
-- AUTO_INCREMENT for table `bills_bulk_jobs`
--
ALTER TABLE `bills_bulk_jobs`
  MODIFY `id` bigint(20) UNSIGNED NOT NULL AUTO_INCREMENT, AUTO_INCREMENT=102;

--
-- AUTO_INCREMENT for table `bill_transactions`
--
ALTER TABLE `bill_transactions`
  MODIFY `id` int(32) NOT NULL AUTO_INCREMENT, AUTO_INCREMENT=16;

--
-- AUTO_INCREMENT for table `cabletvbundles`
--
ALTER TABLE `cabletvbundles`
  MODIFY `id` int(10) UNSIGNED NOT NULL AUTO_INCREMENT, AUTO_INCREMENT=57;

--
-- AUTO_INCREMENT for table `categories`
--
ALTER TABLE `categories`
  MODIFY `id` bigint(20) UNSIGNED NOT NULL AUTO_INCREMENT, AUTO_INCREMENT=21;

--
-- AUTO_INCREMENT for table `contact_mails`
--
ALTER TABLE `contact_mails`
  MODIFY `id` bigint(20) UNSIGNED NOT NULL AUTO_INCREMENT;

--
-- AUTO_INCREMENT for table `currencies`
--
ALTER TABLE `currencies`
  MODIFY `id` bigint(20) UNSIGNED NOT NULL AUTO_INCREMENT, AUTO_INCREMENT=8;

--
-- AUTO_INCREMENT for table `deposits`
--
ALTER TABLE `deposits`
  MODIFY `id` bigint(20) UNSIGNED NOT NULL AUTO_INCREMENT, AUTO_INCREMENT=11;

--
-- AUTO_INCREMENT for table `donationorders`
--
ALTER TABLE `donationorders`
  MODIFY `id` bigint(20) UNSIGNED NOT NULL AUTO_INCREMENT;

--
-- AUTO_INCREMENT for table `donations`
--
ALTER TABLE `donations`
  MODIFY `id` bigint(20) UNSIGNED NOT NULL AUTO_INCREMENT;

--
-- AUTO_INCREMENT for table `failed_jobs`
--
ALTER TABLE `failed_jobs`
  MODIFY `id` bigint(20) UNSIGNED NOT NULL AUTO_INCREMENT;

--
-- AUTO_INCREMENT for table `gateways`
--
ALTER TABLE `gateways`
  MODIFY `id` bigint(20) UNSIGNED NOT NULL AUTO_INCREMENT, AUTO_INCREMENT=14;

--
-- AUTO_INCREMENT for table `internetbundles`
--
ALTER TABLE `internetbundles`
  MODIFY `id` int(10) UNSIGNED NOT NULL AUTO_INCREMENT, AUTO_INCREMENT=372;

--
-- AUTO_INCREMENT for table `invoices`
--
ALTER TABLE `invoices`
  MODIFY `id` bigint(20) UNSIGNED NOT NULL AUTO_INCREMENT, AUTO_INCREMENT=7;

--
-- AUTO_INCREMENT for table `invoice_items`
--
ALTER TABLE `invoice_items`
  MODIFY `id` bigint(20) UNSIGNED NOT NULL AUTO_INCREMENT, AUTO_INCREMENT=7;

--
-- AUTO_INCREMENT for table `jobs`
--
ALTER TABLE `jobs`
  MODIFY `id` bigint(20) UNSIGNED NOT NULL AUTO_INCREMENT, AUTO_INCREMENT=2;

--
-- AUTO_INCREMENT for table `kyc_methods`
--
ALTER TABLE `kyc_methods`
  MODIFY `id` bigint(20) UNSIGNED NOT NULL AUTO_INCREMENT, AUTO_INCREMENT=3;

--
-- AUTO_INCREMENT for table `kyc_method_user`
--
ALTER TABLE `kyc_method_user`
  MODIFY `id` bigint(20) UNSIGNED NOT NULL AUTO_INCREMENT;

--
-- AUTO_INCREMENT for table `kyc_requests`
--
ALTER TABLE `kyc_requests`
  MODIFY `id` bigint(20) UNSIGNED NOT NULL AUTO_INCREMENT;

--
-- AUTO_INCREMENT for table `media`
--
ALTER TABLE `media`
  MODIFY `id` bigint(20) UNSIGNED NOT NULL AUTO_INCREMENT, AUTO_INCREMENT=31;

--
-- AUTO_INCREMENT for table `menus`
--
ALTER TABLE `menus`
  MODIFY `id` bigint(20) UNSIGNED NOT NULL AUTO_INCREMENT, AUTO_INCREMENT=4;

--
-- AUTO_INCREMENT for table `migrations`
--
ALTER TABLE `migrations`
  MODIFY `id` int(10) UNSIGNED NOT NULL AUTO_INCREMENT, AUTO_INCREMENT=50;

--
-- AUTO_INCREMENT for table `moneyrequests`
--
ALTER TABLE `moneyrequests`
  MODIFY `id` bigint(20) UNSIGNED NOT NULL AUTO_INCREMENT, AUTO_INCREMENT=7;

--
-- AUTO_INCREMENT for table `networks`
--
ALTER TABLE `networks`
  MODIFY `id` int(10) UNSIGNED NOT NULL AUTO_INCREMENT, AUTO_INCREMENT=9;

--
-- AUTO_INCREMENT for table `options`
--
ALTER TABLE `options`
  MODIFY `id` bigint(20) UNSIGNED NOT NULL AUTO_INCREMENT, AUTO_INCREMENT=25;

--
-- AUTO_INCREMENT for table `orderitems`
--
ALTER TABLE `orderitems`
  MODIFY `id` bigint(20) UNSIGNED NOT NULL AUTO_INCREMENT;

--
-- AUTO_INCREMENT for table `orders`
--
ALTER TABLE `orders`
  MODIFY `id` bigint(20) UNSIGNED NOT NULL AUTO_INCREMENT;

--
-- AUTO_INCREMENT for table `payouts`
--
ALTER TABLE `payouts`
  MODIFY `id` bigint(20) UNSIGNED NOT NULL AUTO_INCREMENT, AUTO_INCREMENT=12;

--
-- AUTO_INCREMENT for table `permissions`
--
ALTER TABLE `permissions`
  MODIFY `id` bigint(20) UNSIGNED NOT NULL AUTO_INCREMENT, AUTO_INCREMENT=101;

--
-- AUTO_INCREMENT for table `personal_access_tokens`
--
ALTER TABLE `personal_access_tokens`
  MODIFY `id` bigint(20) UNSIGNED NOT NULL AUTO_INCREMENT;

--
-- AUTO_INCREMENT for table `powers`
--
ALTER TABLE `powers`
  MODIFY `id` int(10) UNSIGNED NOT NULL AUTO_INCREMENT, AUTO_INCREMENT=12;

--
-- AUTO_INCREMENT for table `products`
--
ALTER TABLE `products`
  MODIFY `id` bigint(20) UNSIGNED NOT NULL AUTO_INCREMENT;

--
-- AUTO_INCREMENT for table `product_categories`
--
ALTER TABLE `product_categories`
  MODIFY `id` bigint(20) UNSIGNED NOT NULL AUTO_INCREMENT;

--
-- AUTO_INCREMENT for table `qrpayments`
--
ALTER TABLE `qrpayments`
  MODIFY `id` bigint(20) UNSIGNED NOT NULL AUTO_INCREMENT, AUTO_INCREMENT=5;

--
-- AUTO_INCREMENT for table `roles`
--
ALTER TABLE `roles`
  MODIFY `id` bigint(20) UNSIGNED NOT NULL AUTO_INCREMENT, AUTO_INCREMENT=3;

--
-- AUTO_INCREMENT for table `shippings`
--
ALTER TABLE `shippings`
  MODIFY `id` bigint(20) UNSIGNED NOT NULL AUTO_INCREMENT;

--
-- AUTO_INCREMENT for table `singlechargeorders`
--
ALTER TABLE `singlechargeorders`
  MODIFY `id` bigint(20) UNSIGNED NOT NULL AUTO_INCREMENT, AUTO_INCREMENT=6;

--
-- AUTO_INCREMENT for table `singlecharges`
--
ALTER TABLE `singlecharges`
  MODIFY `id` bigint(20) UNSIGNED NOT NULL AUTO_INCREMENT, AUTO_INCREMENT=47392853;

--
-- AUTO_INCREMENT for table `storefronts`
--
ALTER TABLE `storefronts`
  MODIFY `id` bigint(20) UNSIGNED NOT NULL AUTO_INCREMENT;

--
-- AUTO_INCREMENT for table `supports`
--
ALTER TABLE `supports`
  MODIFY `id` bigint(20) UNSIGNED NOT NULL AUTO_INCREMENT, AUTO_INCREMENT=2;

--
-- AUTO_INCREMENT for table `support_metas`
--
ALTER TABLE `support_metas`
  MODIFY `id` bigint(20) UNSIGNED NOT NULL AUTO_INCREMENT;

--
-- AUTO_INCREMENT for table `taxes`
--
ALTER TABLE `taxes`
  MODIFY `id` bigint(20) UNSIGNED NOT NULL AUTO_INCREMENT;

--
-- AUTO_INCREMENT for table `temporary_files`
--
ALTER TABLE `temporary_files`
  MODIFY `id` bigint(20) UNSIGNED NOT NULL AUTO_INCREMENT;

--
-- AUTO_INCREMENT for table `terms`
--
ALTER TABLE `terms`
  MODIFY `id` bigint(20) UNSIGNED NOT NULL AUTO_INCREMENT, AUTO_INCREMENT=4;

--
-- AUTO_INCREMENT for table `term_metas`
--
ALTER TABLE `term_metas`
  MODIFY `id` bigint(20) UNSIGNED NOT NULL AUTO_INCREMENT, AUTO_INCREMENT=16;

--
-- AUTO_INCREMENT for table `transactions`
--
ALTER TABLE `transactions`
  MODIFY `id` bigint(20) UNSIGNED NOT NULL AUTO_INCREMENT, AUTO_INCREMENT=44;

--
-- AUTO_INCREMENT for table `transfers`
--
ALTER TABLE `transfers`
  MODIFY `id` bigint(20) UNSIGNED NOT NULL AUTO_INCREMENT, AUTO_INCREMENT=12;

--
-- AUTO_INCREMENT for table `users`
--
ALTER TABLE `users`
  MODIFY `id` bigint(20) UNSIGNED NOT NULL AUTO_INCREMENT, AUTO_INCREMENT=13;

--
-- AUTO_INCREMENT for table `user_banks`
--
ALTER TABLE `user_banks`
  MODIFY `id` bigint(20) UNSIGNED NOT NULL AUTO_INCREMENT, AUTO_INCREMENT=15;

--
-- AUTO_INCREMENT for table `user_plans`
--
ALTER TABLE `user_plans`
  MODIFY `id` bigint(20) UNSIGNED NOT NULL AUTO_INCREMENT;

--
-- AUTO_INCREMENT for table `user_plan_subscribers`
--
ALTER TABLE `user_plan_subscribers`
  MODIFY `id` bigint(20) UNSIGNED NOT NULL AUTO_INCREMENT;

--
-- AUTO_INCREMENT for table `vpin_batch`
--
ALTER TABLE `vpin_batch`
  MODIFY `id` int(10) UNSIGNED NOT NULL AUTO_INCREMENT, AUTO_INCREMENT=12;

--
-- AUTO_INCREMENT for table `websites`
--
ALTER TABLE `websites`
  MODIFY `id` bigint(20) UNSIGNED NOT NULL AUTO_INCREMENT, AUTO_INCREMENT=3;

--
-- AUTO_INCREMENT for table `web_orders`
--
ALTER TABLE `web_orders`
  MODIFY `id` bigint(20) UNSIGNED NOT NULL AUTO_INCREMENT;

--
-- AUTO_INCREMENT for table `web_test_orders`
--
ALTER TABLE `web_test_orders`
  MODIFY `id` bigint(20) UNSIGNED NOT NULL AUTO_INCREMENT;

--
-- Constraints for dumped tables
--

--
-- Constraints for table `banks`
--
ALTER TABLE `banks`
  ADD CONSTRAINT `banks_currency_id_foreign` FOREIGN KEY (`currency_id`) REFERENCES `currencies` (`id`) ON DELETE SET NULL;

--
-- Constraints for table `deposits`
--
ALTER TABLE `deposits`
  ADD CONSTRAINT `deposits_currency_id_foreign` FOREIGN KEY (`currency_id`) REFERENCES `currencies` (`id`),
  ADD CONSTRAINT `deposits_gateway_id_foreign` FOREIGN KEY (`gateway_id`) REFERENCES `gateways` (`id`),
  ADD CONSTRAINT `deposits_user_id_foreign` FOREIGN KEY (`user_id`) REFERENCES `users` (`id`) ON DELETE CASCADE;

--
-- Constraints for table `donationorders`
--
ALTER TABLE `donationorders`
  ADD CONSTRAINT `donationorders_currency_id_foreign` FOREIGN KEY (`currency_id`) REFERENCES `currencies` (`id`) ON DELETE CASCADE,
  ADD CONSTRAINT `donationorders_donation_id_foreign` FOREIGN KEY (`donation_id`) REFERENCES `donations` (`id`) ON DELETE CASCADE,
  ADD CONSTRAINT `donationorders_donor_id_foreign` FOREIGN KEY (`donor_id`) REFERENCES `users` (`id`) ON DELETE CASCADE,
  ADD CONSTRAINT `donationorders_gateway_id_foreign` FOREIGN KEY (`gateway_id`) REFERENCES `gateways` (`id`) ON DELETE CASCADE,
  ADD CONSTRAINT `donationorders_user_id_foreign` FOREIGN KEY (`user_id`) REFERENCES `users` (`id`) ON DELETE CASCADE;

--
-- Constraints for table `donations`
--
ALTER TABLE `donations`
  ADD CONSTRAINT `donations_currency_id_foreign` FOREIGN KEY (`currency_id`) REFERENCES `currencies` (`id`) ON DELETE SET NULL,
  ADD CONSTRAINT `donations_user_id_foreign` FOREIGN KEY (`user_id`) REFERENCES `users` (`id`) ON DELETE SET NULL;

--
-- Constraints for table `gateways`
--
ALTER TABLE `gateways`
  ADD CONSTRAINT `gateways_currency_id_foreign` FOREIGN KEY (`currency_id`) REFERENCES `currencies` (`id`);

--
-- Constraints for table `invoices`
--
ALTER TABLE `invoices`
  ADD CONSTRAINT `invoices_currency_id_foreign` FOREIGN KEY (`currency_id`) REFERENCES `currencies` (`id`) ON DELETE SET NULL,
  ADD CONSTRAINT `invoices_owner_id_foreign` FOREIGN KEY (`owner_id`) REFERENCES `users` (`id`) ON DELETE SET NULL;

--
-- Constraints for table `invoice_items`
--
ALTER TABLE `invoice_items`
  ADD CONSTRAINT `invoice_items_invoice_id_foreign` FOREIGN KEY (`invoice_id`) REFERENCES `invoices` (`id`) ON DELETE CASCADE;

--
-- Constraints for table `kyc_method_user`
--
ALTER TABLE `kyc_method_user`
  ADD CONSTRAINT `kyc_method_user_kyc_method_id_foreign` FOREIGN KEY (`kyc_method_id`) REFERENCES `kyc_methods` (`id`) ON DELETE CASCADE,
  ADD CONSTRAINT `kyc_method_user_kyc_request_id_foreign` FOREIGN KEY (`kyc_request_id`) REFERENCES `kyc_requests` (`id`) ON DELETE CASCADE,
  ADD CONSTRAINT `kyc_method_user_user_id_foreign` FOREIGN KEY (`user_id`) REFERENCES `users` (`id`) ON DELETE CASCADE;

--
-- Constraints for table `kyc_requests`
--
ALTER TABLE `kyc_requests`
  ADD CONSTRAINT `kyc_requests_kyc_method_id_foreign` FOREIGN KEY (`kyc_method_id`) REFERENCES `kyc_methods` (`id`) ON DELETE CASCADE,
  ADD CONSTRAINT `kyc_requests_user_id_foreign` FOREIGN KEY (`user_id`) REFERENCES `users` (`id`) ON DELETE CASCADE;

--
-- Constraints for table `media`
--
ALTER TABLE `media`
  ADD CONSTRAINT `media_user_id_foreign` FOREIGN KEY (`user_id`) REFERENCES `users` (`id`) ON DELETE SET NULL;

--
-- Constraints for table `model_has_permissions`
--
ALTER TABLE `model_has_permissions`
  ADD CONSTRAINT `model_has_permissions_permission_id_foreign` FOREIGN KEY (`permission_id`) REFERENCES `permissions` (`id`) ON DELETE CASCADE;

--
-- Constraints for table `model_has_roles`
--
ALTER TABLE `model_has_roles`
  ADD CONSTRAINT `model_has_roles_role_id_foreign` FOREIGN KEY (`role_id`) REFERENCES `roles` (`id`) ON DELETE CASCADE;

--
-- Constraints for table `moneyrequests`
--
ALTER TABLE `moneyrequests`
  ADD CONSTRAINT `moneyrequests_approved_currency_id_foreign` FOREIGN KEY (`approved_currency_id`) REFERENCES `currencies` (`id`) ON DELETE SET NULL,
  ADD CONSTRAINT `moneyrequests_receiver_id_foreign` FOREIGN KEY (`receiver_id`) REFERENCES `users` (`id`) ON DELETE SET NULL,
  ADD CONSTRAINT `moneyrequests_request_currency_id_foreign` FOREIGN KEY (`request_currency_id`) REFERENCES `currencies` (`id`) ON DELETE SET NULL,
  ADD CONSTRAINT `moneyrequests_sender_id_foreign` FOREIGN KEY (`sender_id`) REFERENCES `users` (`id`) ON DELETE SET NULL;

--
-- Constraints for table `orderitems`
--
ALTER TABLE `orderitems`
  ADD CONSTRAINT `orderitems_order_id_foreign` FOREIGN KEY (`order_id`) REFERENCES `orders` (`id`) ON DELETE CASCADE,
  ADD CONSTRAINT `orderitems_product_id_foreign` FOREIGN KEY (`product_id`) REFERENCES `products` (`id`) ON DELETE CASCADE;

--
-- Constraints for table `orders`
--
ALTER TABLE `orders`
  ADD CONSTRAINT `orders_currency_id_foreign` FOREIGN KEY (`currency_id`) REFERENCES `currencies` (`id`) ON DELETE CASCADE,
  ADD CONSTRAINT `orders_gateway_id_foreign` FOREIGN KEY (`gateway_id`) REFERENCES `gateways` (`id`) ON DELETE CASCADE,
  ADD CONSTRAINT `orders_seller_id_foreign` FOREIGN KEY (`seller_id`) REFERENCES `users` (`id`) ON DELETE CASCADE,
  ADD CONSTRAINT `orders_shipping_id_foreign` FOREIGN KEY (`shipping_id`) REFERENCES `shippings` (`id`) ON DELETE CASCADE,
  ADD CONSTRAINT `orders_storefront_id_foreign` FOREIGN KEY (`storefront_id`) REFERENCES `storefronts` (`id`) ON DELETE CASCADE;

--
-- Constraints for table `payouts`
--
ALTER TABLE `payouts`
  ADD CONSTRAINT `payouts_currency_id_foreign` FOREIGN KEY (`currency_id`) REFERENCES `currencies` (`id`) ON DELETE CASCADE,
  ADD CONSTRAINT `payouts_user_bank_id_foreign` FOREIGN KEY (`user_bank_id`) REFERENCES `user_banks` (`id`) ON DELETE CASCADE,
  ADD CONSTRAINT `payouts_user_id_foreign` FOREIGN KEY (`user_id`) REFERENCES `users` (`id`) ON DELETE CASCADE;

--
-- Constraints for table `products`
--
ALTER TABLE `products`
  ADD CONSTRAINT `products_category_id_foreign` FOREIGN KEY (`category_id`) REFERENCES `product_categories` (`id`) ON DELETE CASCADE,
  ADD CONSTRAINT `products_user_id_foreign` FOREIGN KEY (`user_id`) REFERENCES `users` (`id`) ON DELETE CASCADE;

--
-- Constraints for table `product_categories`
--
ALTER TABLE `product_categories`
  ADD CONSTRAINT `product_categories_user_id_foreign` FOREIGN KEY (`user_id`) REFERENCES `users` (`id`) ON DELETE CASCADE;

--
-- Constraints for table `product_storefront`
--
ALTER TABLE `product_storefront`
  ADD CONSTRAINT `product_storefront_product_id_foreign` FOREIGN KEY (`product_id`) REFERENCES `products` (`id`) ON DELETE CASCADE,
  ADD CONSTRAINT `product_storefront_storefront_id_foreign` FOREIGN KEY (`storefront_id`) REFERENCES `storefronts` (`id`) ON DELETE CASCADE;

--
-- Constraints for table `qrpayments`
--
ALTER TABLE `qrpayments`
  ADD CONSTRAINT `qrpayments_currency_id_foreign` FOREIGN KEY (`currency_id`) REFERENCES `currencies` (`id`) ON DELETE CASCADE,
  ADD CONSTRAINT `qrpayments_gateway_id_foreign` FOREIGN KEY (`gateway_id`) REFERENCES `gateways` (`id`) ON DELETE CASCADE,
  ADD CONSTRAINT `qrpayments_seller_id_foreign` FOREIGN KEY (`seller_id`) REFERENCES `users` (`id`) ON DELETE CASCADE;

--
-- Constraints for table `role_has_permissions`
--
ALTER TABLE `role_has_permissions`
  ADD CONSTRAINT `role_has_permissions_permission_id_foreign` FOREIGN KEY (`permission_id`) REFERENCES `permissions` (`id`) ON DELETE CASCADE,
  ADD CONSTRAINT `role_has_permissions_role_id_foreign` FOREIGN KEY (`role_id`) REFERENCES `roles` (`id`) ON DELETE CASCADE;

--
-- Constraints for table `shippings`
--
ALTER TABLE `shippings`
  ADD CONSTRAINT `shippings_user_id_foreign` FOREIGN KEY (`user_id`) REFERENCES `users` (`id`) ON DELETE CASCADE;

--
-- Constraints for table `singlechargeorders`
--
ALTER TABLE `singlechargeorders`
  ADD CONSTRAINT `singlechargeorders_currency_id_foreign` FOREIGN KEY (`currency_id`) REFERENCES `currencies` (`id`) ON DELETE CASCADE,
  ADD CONSTRAINT `singlechargeorders_gateway_id_foreign` FOREIGN KEY (`gateway_id`) REFERENCES `gateways` (`id`) ON DELETE CASCADE,
  ADD CONSTRAINT `singlechargeorders_singlecharge_id_foreign` FOREIGN KEY (`singlecharge_id`) REFERENCES `singlecharges` (`id`) ON DELETE CASCADE,
  ADD CONSTRAINT `singlechargeorders_user_id_foreign` FOREIGN KEY (`user_id`) REFERENCES `users` (`id`) ON DELETE CASCADE;

--
-- Constraints for table `singlecharges`
--
ALTER TABLE `singlecharges`
  ADD CONSTRAINT `singlecharges_currency_id_foreign` FOREIGN KEY (`currency_id`) REFERENCES `currencies` (`id`) ON DELETE SET NULL,
  ADD CONSTRAINT `singlecharges_user_id_foreign` FOREIGN KEY (`user_id`) REFERENCES `users` (`id`) ON DELETE SET NULL;

--
-- Constraints for table `storefronts`
--
ALTER TABLE `storefronts`
  ADD CONSTRAINT `storefronts_user_id_foreign` FOREIGN KEY (`user_id`) REFERENCES `users` (`id`) ON DELETE CASCADE;

--
-- Constraints for table `supports`
--
ALTER TABLE `supports`
  ADD CONSTRAINT `supports_user_id_foreign` FOREIGN KEY (`user_id`) REFERENCES `users` (`id`) ON DELETE CASCADE;

--
-- Constraints for table `support_metas`
--
ALTER TABLE `support_metas`
  ADD CONSTRAINT `support_metas_sender_id_foreign` FOREIGN KEY (`sender_id`) REFERENCES `users` (`id`) ON DELETE CASCADE,
  ADD CONSTRAINT `support_metas_support_id_foreign` FOREIGN KEY (`support_id`) REFERENCES `supports` (`id`) ON DELETE CASCADE;

--
-- Constraints for table `termcategories`
--
ALTER TABLE `termcategories`
  ADD CONSTRAINT `termcategories_category_id_foreign` FOREIGN KEY (`category_id`) REFERENCES `categories` (`id`) ON DELETE CASCADE,
  ADD CONSTRAINT `termcategories_term_id_foreign` FOREIGN KEY (`term_id`) REFERENCES `terms` (`id`) ON DELETE CASCADE;

--
-- Constraints for table `term_metas`
--
ALTER TABLE `term_metas`
  ADD CONSTRAINT `term_metas_term_id_foreign` FOREIGN KEY (`term_id`) REFERENCES `terms` (`id`) ON DELETE CASCADE;

--
-- Constraints for table `transactions`
--
ALTER TABLE `transactions`
  ADD CONSTRAINT `transactions_currency_id_foreign` FOREIGN KEY (`currency_id`) REFERENCES `currencies` (`id`) ON DELETE SET NULL,
  ADD CONSTRAINT `transactions_user_id_foreign` FOREIGN KEY (`user_id`) REFERENCES `users` (`id`) ON DELETE SET NULL;

--
-- Constraints for table `transfers`
--
ALTER TABLE `transfers`
  ADD CONSTRAINT `transfers_currency_id_foreign` FOREIGN KEY (`currency_id`) REFERENCES `currencies` (`id`) ON DELETE CASCADE,
  ADD CONSTRAINT `transfers_user_id_foreign` FOREIGN KEY (`user_id`) REFERENCES `users` (`id`) ON DELETE CASCADE;

--
-- Constraints for table `users`
--
ALTER TABLE `users`
  ADD CONSTRAINT `users_currency_id_foreign` FOREIGN KEY (`currency_id`) REFERENCES `currencies` (`id`) ON DELETE SET NULL;

--
-- Constraints for table `user_banks`
--
ALTER TABLE `user_banks`
  ADD CONSTRAINT `user_banks_bank_id_foreign` FOREIGN KEY (`bank_id`) REFERENCES `banks` (`id`) ON DELETE SET NULL,
  ADD CONSTRAINT `user_banks_user_id_foreign` FOREIGN KEY (`user_id`) REFERENCES `users` (`id`) ON DELETE SET NULL;

--
-- Constraints for table `user_plans`
--
ALTER TABLE `user_plans`
  ADD CONSTRAINT `user_plans_currency_id_foreign` FOREIGN KEY (`currency_id`) REFERENCES `currencies` (`id`) ON DELETE SET NULL,
  ADD CONSTRAINT `user_plans_owner_id_foreign` FOREIGN KEY (`owner_id`) REFERENCES `users` (`id`) ON DELETE SET NULL;

--
-- Constraints for table `user_plan_subscribers`
--
ALTER TABLE `user_plan_subscribers`
  ADD CONSTRAINT `user_plan_subscribers_currency_id_foreign` FOREIGN KEY (`currency_id`) REFERENCES `currencies` (`id`) ON DELETE SET NULL,
  ADD CONSTRAINT `user_plan_subscribers_owner_id_foreign` FOREIGN KEY (`owner_id`) REFERENCES `users` (`id`) ON DELETE SET NULL,
  ADD CONSTRAINT `user_plan_subscribers_subscriber_id_foreign` FOREIGN KEY (`subscriber_id`) REFERENCES `users` (`id`) ON DELETE SET NULL,
  ADD CONSTRAINT `user_plan_subscribers_user_plan_id_foreign` FOREIGN KEY (`user_plan_id`) REFERENCES `user_plans` (`id`) ON DELETE SET NULL;

--
-- Constraints for table `websites`
--
ALTER TABLE `websites`
  ADD CONSTRAINT `websites_user_id_foreign` FOREIGN KEY (`user_id`) REFERENCES `users` (`id`) ON DELETE CASCADE;

--
-- Constraints for table `web_orders`
--
ALTER TABLE `web_orders`
  ADD CONSTRAINT `web_orders_currency_id_foreign` FOREIGN KEY (`currency_id`) REFERENCES `currencies` (`id`) ON DELETE SET NULL,
  ADD CONSTRAINT `web_orders_gateway_id_foreign` FOREIGN KEY (`gateway_id`) REFERENCES `gateways` (`id`) ON DELETE SET NULL,
  ADD CONSTRAINT `web_orders_user_id_foreign` FOREIGN KEY (`user_id`) REFERENCES `users` (`id`) ON DELETE SET NULL,
  ADD CONSTRAINT `web_orders_website_id_foreign` FOREIGN KEY (`website_id`) REFERENCES `websites` (`id`) ON DELETE SET NULL;

--
-- Constraints for table `web_test_orders`
--
ALTER TABLE `web_test_orders`
  ADD CONSTRAINT `web_test_orders_currency_id_foreign` FOREIGN KEY (`currency_id`) REFERENCES `currencies` (`id`) ON DELETE SET NULL,
  ADD CONSTRAINT `web_test_orders_gateway_id_foreign` FOREIGN KEY (`gateway_id`) REFERENCES `gateways` (`id`) ON DELETE SET NULL,
  ADD CONSTRAINT `web_test_orders_user_id_foreign` FOREIGN KEY (`user_id`) REFERENCES `users` (`id`) ON DELETE SET NULL,
  ADD CONSTRAINT `web_test_orders_website_id_foreign` FOREIGN KEY (`website_id`) REFERENCES `websites` (`id`) ON DELETE SET NULL;
COMMIT;

/*!40101 SET CHARACTER_SET_CLIENT=@OLD_CHARACTER_SET_CLIENT */;
/*!40101 SET CHARACTER_SET_RESULTS=@OLD_CHARACTER_SET_RESULTS */;
/*!40101 SET COLLATION_CONNECTION=@OLD_COLLATION_CONNECTION */;
